,pcv,user_fei,protocol_equity,valid,cr,eth_usd
13500000,1054603270.0631173,339803777.07910794,714799492.9840094,True,3.103565472780488,4022.52321702
13501350,1047020295.7424997,345661456.91456956,701358838.8279301,True,3.029033971818476,3964.34873201
13502700,1043326850.0388149,350477176.66764665,692849673.3711683,True,2.9768752988677187,3928.73944788
13504051,1046199480.1312099,333362816.1850912,712836663.9461188,True,3.138320860447538,4013.22
13505401,1051150958.361407,307095922.29341966,744055036.0679874,True,3.422875010880373,4151.96
13506752,1055818008.9971356,303497809.5610864,752320199.4360492,True,3.4788323860526127,4188.39494627
13508102,1070355160.2015932,307915197.0207263,762439963.1808667,True,3.4761361912564053,4235.83
13509453,1088564325.677505,296562713.7731604,792001611.9043448,True,3.670604142468643,4368.9911581
13510803,1086026358.3946702,303872488.5844147,782153869.8102554,True,3.57395420511382,4325.37597932
13512154,1082540865.335477,301772847.2295855,780768018.1058915,True,3.58727060858425,4319.01
13513504,1095984469.3520656,291635024.91114724,804349444.4409183,True,3.7580687356944877,4425.83
13514855,1092519298.7870271,294321967.11301655,798197331.6740106,True,3.7119869424068885,4398.31
13516205,1082234781.5085697,297581753.1157098,784653028.3928599,True,3.6367645871343477,4337.9407043
13517556,1077555186.9826026,298026919.9095307,779528267.0730718,True,3.6156303843616078,4313.43757262
13518906,1073800766.011828,293625514.6502792,780175251.3615488,True,3.6570417502401704,4316.16916287
13520257,1089222329.8073094,309146434.79537344,780075895.0119358,True,3.523321659938516,4315.6
13521607,1083821690.6842456,294431008.91293776,789390681.7713077,True,3.6810718228552073,4356.90524431
13522958,1092929499.5514393,304684015.5651026,788245483.9863367,True,3.5870916875122725,4351.59350071
13524308,1081479206.3386257,314358740.3660707,767120465.9725549,True,3.440270835413208,4257.72341472
13525658,1081025674.3554156,320866141.84168464,760159532.513731,True,3.3690861496031377,4225.26227781
13527009,1087284248.683182,322319115.7193623,764965132.9638197,True,3.373316057462324,4254.55
13528359,1092699313.956578,315172652.4665819,777526661.4899962,True,3.4669864450642276,4310.58001324
13529710,1075121341.815429,314134368.16552293,760986973.649906,True,3.4224887524848238,4236.74143031
13531060,1072656924.9974774,292631570.1127809,780025354.8846965,True,3.6655543507628816,4322.63
13532411,1079131468.1002758,305973698.93150353,773157769.1687723,True,3.526876564452209,4290.36889563
13533761,1084306123.6433566,307371136.4637388,776934987.1796178,True,3.527677114117299,4306.60996587
13535112,1089033172.9137266,311971715.09576064,777061457.817966,True,3.490807404060476,4307.59
13536462,1097255848.807615,312288533.5129462,784967315.2946689,True,3.513596341385129,4347.08
13537813,1106019131.8603375,294383224.720681,811635907.1396567,True,3.7570725468808868,4467.08089888
13539163,1108827079.5381258,294099225.86492956,814727853.6731962,True,3.770248208838791,4480.7319626
13540514,1122711585.9420166,284021138.7300402,838690447.2119764,True,3.952915585656971,4590.74209708
13541864,1119475608.984038,286456208.30127794,833019400.6827601,True,3.9080165712681603,4564.85594209
13543215,1124037232.069797,283785862.1201953,840251369.9496017,True,3.960864095455607,4597.18
13544565,1126902547.59725,305508452.4156752,821394095.1815748,True,3.6886133221086297,4511.43
13545916,1141103173.0250943,293077551.35927385,848025621.6658204,True,3.893519540247061,4629.2508722
13547266,1138438194.000304,304461344.88770396,833976849.1126,True,3.739187956422514,4567.22211031
13548616,1135824337.3202438,304665653.6418534,831158683.6783904,True,3.7281010305659548,4554.81612235
13549967,1140119266.772107,311831482.29373294,828287784.4783739,True,3.65620321073983,4542.40994799
13551317,1140538802.6395104,325660776.9865983,814878025.652912,True,3.5022295690415497,4482.77896018
13552668,1148349023.0546472,326512640.782034,821836382.272613,True,3.5170124510469916,4512.58898777
13554018,1149517050.1777103,331392295.4041064,818124754.773604,True,3.4687500769321336,4517.58117484
13555369,1148251386.1005175,324846963.51305044,823404422.5874671,True,3.5347456343220136,4540.58029133
13556719,1139564347.341599,325570976.3793852,813993370.9622138,True,3.500202505808362,4499.3899078
13558070,1137256442.0837588,325593084.26504344,811663357.8187156,True,3.4928765291525505,4488.22616704
13559420,1136107997.1878042,325722504.6824214,810385492.5053829,True,3.4879628544411037,4483.1275759
13560771,1138486484.849047,325683161.23964596,812803323.6094009,True,3.4956872824361946,4494.66074879
13562121,1134598447.9018795,325995223.9575593,808603223.9443204,True,3.48041432671293,4476.26443898
13563472,1128213316.2243836,340333984.4687799,787879331.7556037,True,3.3150180931398543,4385.06
13564822,1140891486.9676998,339296545.4587618,801594941.508938,True,3.362520197266093,4443.7072181
13566173,1151330986.3838203,334016680.9984785,817314305.3853418,True,3.4469266113959884,4513.0248987
13567523,1160317270.3073666,333269239.474371,827048030.8329955,True,3.4816212625485856,4555.10106582
13568874,1152265274.92498,311521456.4205098,840743818.5044701,True,3.698831175755628,4616.97
13570224,1158367654.7624776,324190033.6225002,834177621.1399776,True,3.5731130961025386,4588.03270996
13571574,1162753095.6984096,323848207.22347194,838904888.4749376,True,3.5904262236537567,4608.58
13572925,1180934832.353015,322313355.2930679,858621477.0599471,True,3.663933910772123,4696.00197582
13574275,1182331651.183565,310653970.7327485,871677680.4508164,True,3.8059441132999687,4752.70173339
13575626,1177216344.7372985,311045659.0116375,866170685.7256608,True,3.784705912559461,4728.41600239
13576976,1186252960.1353097,310258431.2603066,875994528.8750031,True,3.8234350483776036,4773.89520112
13578327,1188173491.0628014,309979518.1060197,878193972.9567816,True,3.833070966503085,4781.86
13579677,1188621507.6622844,308489693.89295346,880131813.769331,True,3.8530347405211485,4790.71144184
13581028,1190804673.6000009,310684531.74771696,880120141.852284,True,3.8328418441088075,4790.24102024
13582378,1206017811.2349553,327319973.29552,878697837.9394352,True,3.684522515056254,4783.2190089
13583729,1203283318.512173,324476516.8672943,878806801.6448786,True,3.7083833681692795,4783.02018169
13585079,1203790995.294202,328397653.0554367,875393342.2387656,True,3.665650421353622,4768.07303548
13586430,1188389180.1851301,330690876.103324,857698304.0818061,True,3.593655785694611,4691.44354236
13587780,1193404557.5821457,330154552.6471399,863250004.9350059,True,3.6146845409629216,4714.04
13589131,1207102971.3386025,314185117.61523545,892917853.7233672,True,3.8420119339225756,4842.16
13590481,1201806621.507806,335224915.423082,866581706.0847241,True,3.5850754708701325,4727.63487287
13591832,1184072490.6628952,346165580.27338636,837906910.3895088,True,3.4205379105795752,4605.2926618
13593182,1183008669.4598103,337553196.67144394,845455472.7883663,True,3.5046584690213645,4636.42551857
13594533,1207231986.9265594,345571271.1338693,861660715.79269,True,3.4934385111512793,4706.69
13595883,1198442564.5705376,333897734.448273,864544830.1222645,True,3.5892503629916024,4721.01609408
13597233,1205608858.2640905,334474843.72615206,871134014.5379384,True,3.604482910682427,4749.37102258
13598584,1213321229.5760741,333885555.1097866,879435674.4662874,True,3.633943460588212,4785.24018942
13599934,1212920462.4691179,350026010.49570423,862894451.9734137,True,3.465229514662036,4714.3915445
13601285,1201900157.5727355,359734118.0950324,842166039.4777032,True,3.341079139052429,4625.69811625
13602635,1191875619.7190952,360196065.2105728,831679554.5085225,True,3.3089634641686536,4580.0602151
13603986,1160111639.6886225,356468029.43374914,803643610.2548734,True,3.254461954221994,4659.11709629
13605336,1148969733.4497762,350892839.6707461,798076893.7790302,True,3.2744177240205046,4634.68224338
13606687,1156169858.5220866,358327387.20694864,797842471.3151379,True,3.2265740766679145,4647.35494014
13608037,1149032299.625468,358935527.2721175,790096772.3533504,True,3.201221980888951,4613.16437863
13609388,1156150651.6643088,357029792.4150317,799120859.2492771,True,3.23824699290174,4652.87886174
13610738,1155830312.941764,357040713.13964695,798789599.8021171,True,3.2372507403369766,4651.78971005
13612089,1157675923.6075835,361929683.3308067,795746240.2767769,True,3.198621104943908,4637.70747039
13613439,1157171255.6818044,471845953.3232444,685325302.3585601,True,2.4524344174868205,4596.10685219
13614790,1156699418.7779026,471916033.50101596,684783385.2768865,True,2.4510703952918615,4591.54048303
13616140,1158357851.5701523,485312299.6611881,673045551.9089642,True,2.3868297844065327,4540.23
13617491,1172409376.102257,466871150.1079916,705538225.9942654,True,2.51120544893611,4685.84
13618841,1175836557.536199,466601358.9535987,709235198.5826004,True,2.5200024281393714,4702.21294628
13620191,1180067974.377102,466269351.6803691,713798622.6967328,True,2.530871845049011,4722.89872505
13621542,1160186995.568493,473945690.65886724,686241304.9096256,True,2.4479323653215,4601.56
13622892,1154841614.0467083,474483550.27393687,680358063.7727712,True,2.4338917827182325,4574.82608141
13624243,1115482632.2626297,482733369.4441643,632749262.8184654,True,2.310763462544623,4365.48162972
13625593,1107300429.7433536,487560172.440086,619740257.3032677,True,2.2711051729300644,4307.46312104
13626944,1077455433.2411098,464817335.8448386,612638097.3962713,True,2.3180190370541105,4276.29334901
13628294,1112528978.825146,463062538.7250771,649466440.1000687,True,2.4025458459416877,4261.35
13629645,1101424889.6426346,459262891.5231281,642161998.1195065,True,2.398244904981982,4228.25059004
13630995,1076249338.422662,453495555.68003213,622753782.7426298,True,2.3732301782071255,4143.26709592
13632346,1070805232.8197014,449313509.9568129,621491722.8628886,True,2.3832028396444724,4138.14194872
13633696,1078528077.7346573,444865745.80502343,633662331.9296337,True,2.424390027564308,4192.75618816
13635047,1084974312.6477473,440449791.80231,644524520.8454372,True,2.463332558764663,4240.37101142
13636397,1108382328.0591955,448915963.26345676,659466364.7957386,True,2.4690196356611085,4306.47655056
13637748,1108966747.2589374,459461377.04319793,649505370.2157394,True,2.413623435326695,4263.40702215
13639098,1106594400.9298851,464325763.94446486,642268636.9854202,True,2.3832285151039736,4231.7
13640449,1082276305.554473,486154165.74599975,596122139.8084732,True,2.226199797946251,4032.85188952
13641799,1039015878.7872878,434822725.7773049,604193153.0099828,True,2.3895160422673523,4066.13254601
13643149,1023804052.2152759,427340904.8676787,596463147.3475971,True,2.395754865854195,4033.08715548
13644500,1051716863.1441451,448242409.2342686,603474453.9098766,True,2.346312712669893,4062.21721544
13645850,1045423739.7611648,416425499.1955831,628998240.5655817,True,2.510470040332855,4173.92007035
13647201,1068466518.0465845,418943357.6876718,649523160.3589127,True,2.5503841949993187,4266.59966196
13648551,1092018115.954127,433659740.30192965,658358375.6521974,True,2.518145021241364,4304.45461354
13649902,1095578053.26402,441712467.4083591,653865585.8556608,True,2.4802968765904634,4287.78647893
13651252,1085956788.6939907,431879096.8680811,654077691.8259096,True,2.514492589637187,4299.25070738
13652603,1105873216.192602,458298333.2307161,647574882.9618857,True,2.4129985557592772,4269.63270237
13653953,1103320904.9645753,427580320.6320714,675740584.3325039,True,2.580382799969814,4395.06
13655304,1111986832.9505405,435354388.95057803,676632443.9999624,True,2.5542106871392414,4400.65995818
13656654,1118903823.0291944,450314781.1463215,668589041.8828729,True,2.4847148480911785,4366.1537106
13658005,1112318388.4610775,452527347.83057535,659791040.6305021,True,2.4580136289962424,4325.8802976
13659355,1116628840.3332763,450636181.3057857,665992659.0274907,True,2.4778943339562245,4352.11617012
13660706,1113963230.3232985,442346580.012897,671616650.3104013,True,2.518304154834474,4375.96960607
13662056,1088029075.3193395,457926209.9844748,630102865.3348647,True,2.375992139336657,4195.76014163
13663407,1074313618.7968671,444225566.7339673,630088052.0628997,True,2.418396641812919,4194.64
13664757,1053450023.1548271,431448941.84759307,622001081.307234,True,2.4416562911097657,4158.18
13666107,1070371437.8380475,492339794.9312559,578031642.9067917,True,2.1740502166547406,4186.21491608
13667458,1049650466.2914227,488741788.2931582,560908677.9982646,True,2.1476585211940566,4109.38791207
13668808,1061739716.8635758,485062938.8125239,576676778.051052,True,2.188870004092266,4178.79212216
13670159,1049824619.6315758,477501408.3540525,572323211.2775233,True,2.1985791062906426,4159.49976563
13671509,1068309706.0977516,465739837.344778,602569868.7529737,True,2.293790696944189,4293.68894087
13672860,1080541679.6816783,467401610.2508744,613140069.4308038,True,2.3118056420509663,4341.94
13674210,1083770005.0652885,467118499.94275546,616651505.1225332,True,2.320117925533034,4357.89702852
13675561,1074449410.9690833,478012065.46625227,596437345.502831,True,2.2477453783955577,4268.48437608
13676911,1070442458.7288159,471484311.78674084,598958146.9420751,True,2.2703670768434656,4279.12729915
13678262,1054517484.0247637,462764278.9410599,591753205.0837039,True,2.278735701981597,4244.79960281
13679612,1050619313.7706004,452468232.0837911,598151081.6868093,True,2.321973653116137,4274.3161036
13680963,1055078502.4023451,446279286.47265995,608799215.9296852,True,2.3641664186154907,4322.46271291
13682313,1072112223.2822334,468560891.81819135,603551331.464042,True,2.288095831306017,4298.38239937
13683664,1080449177.2530115,445084762.6514772,635364414.6015342,True,2.427513291662728,4445.33024544
13685014,1101322993.487672,449361120.6982148,651961872.7894573,True,2.4508639994854082,4523.94022611
13686365,1104468507.547341,447983506.80851495,656485000.7388264,True,2.4654222549747407,4543.97309731
13687715,1101556396.2748828,473732306.72440857,627824089.5504743,True,2.32527184791665,4414.75134361
13689066,1046180515.8289281,493025240.31808937,553155275.5108389,True,2.121961372918666,4083.18192604
13690416,1043495434.3660483,487029967.5488072,556465466.8172412,True,2.14256925424507,4095.8557242
13691766,1039657660.1529902,483602771.11245877,556054889.0405314,True,2.1498174168055466,4094.75
13693117,1016101409.917759,463710987.2080586,552390422.7097005,True,2.191238590302914,4079.51179741
13694467,1025746808.0669587,470405447.7481545,555341360.318804,True,2.1805589475573477,4102.46671895
13695818,1034381546.3275458,469608090.7221479,564773455.6053979,True,2.2026484780892677,4144.4804446
13697168,1034703736.5399122,470602261.1492151,564101475.3906971,True,2.19867990861998,4141.8445492
13698519,1019708414.2577938,472107716.49145174,547600697.766342,True,2.1599062642651323,4067.68506597
13699869,1014441955.208746,473641109.50793195,540800845.700814,True,2.1417945673310634,4038.49271688
13701220,1015326363.8381559,466271346.7036459,549055017.13451,True,2.1775439795220355,4074.94312672
13702570,1023318658.9364927,468189582.8848862,555129076.0516065,True,2.1856929251416,4102.05705683
13703921,1014209574.9217243,472849494.7059251,541360080.2157992,True,2.144888778093085,4040.91426537
13705271,994210555.373702,401800795.93418306,592409759.439519,True,2.4743867245513336,4284.88997323
13706622,991398773.8970424,385343750.14146334,606055023.755579,True,2.572764638152534,4354.74
13707972,1008444017.3816849,414520201.48509544,593923815.8965895,True,2.432798241843817,4295.56109251
13709323,1008206885.08143,408873651.76327527,599333233.3181547,True,2.465815248142107,4321.44640229
13710673,1025820045.0205158,407763292.5935668,618056752.426949,True,2.5157243519783665,4414.54780617
13712024,1044602967.2763187,420316593.16129833,624286374.1150203,True,2.485276537430079,4444.97189571
13713374,1070182937.0745634,457758490.5218748,612424446.5526887,True,2.337876760853708,4389.39
13714724,1075898240.043563,416457156.26949924,659441083.7740636,True,2.5834548016442866,4622.06969801
13716075,1113562201.5789456,466492213.4336717,647069988.1452738,True,2.3870970822480357,4567.78679401
13717425,1127814236.835667,462957396.3733353,664856840.4623317,True,2.4361080429227697,4649.3379305
13718776,1115954079.7317848,431820504.19219595,684133575.5395889,True,2.5843008122539097,4741.2551371
13720126,1127185576.386363,447687824.1133351,679497752.2730278,True,2.5177936849607256,4719.05
13721477,1120286398.5734532,447597426.4592446,672688972.1142086,True,2.5028883821687016,4686.8144844
13722827,1115062409.5472043,452187639.9357882,662874769.6114162,True,2.465928546179515,4640.94792087
13724178,1107614832.461903,457183516.3422441,650431316.1196591,True,2.422691966944738,4582.75763409
13725528,1088340513.849852,447093811.24596786,641246702.6038841,True,2.4342553765547508,4537.59727204
13726879,1103370065.714274,458627952.7080117,644742113.0062623,True,2.405806404078343,4556.07198643
13728229,1110995433.3529687,471972799.54471135,639022633.8082575,True,2.3539395372459824,4529.59
13729580,1220995337.9887116,377745283.39677435,843250054.5919373,True,3.2323245098105122,4535.66
13730930,1221327138.5415227,383638207.39473253,837688931.1467903,True,3.183538852492021,4511.75
13732281,1207699077.2635827,358273303.5375855,849425773.7259972,True,3.3708877143197085,4565.47
13733631,1211849803.2095454,351984081.4854029,859865721.7241426,True,3.442910821692378,4615.49596056
13734982,1202467887.5602067,401120686.6099334,801347200.9502733,True,2.9977708148708295,4348.53864962
13736332,1181673683.7185488,406113347.3130607,775560336.405488,True,2.909713978958765,4233.10881469
13737682,1149564834.7116656,406062243.53136075,743502591.1803049,True,2.831006460276534,4092.47827305
13739033,1088637699.2938685,382951680.3198379,705686018.9740306,True,2.8427547266136757,3934.64598811
13740383,1071997118.330286,357657498.1685952,714339620.161691,True,2.9972728764796095,3974.91
13741734,1101019557.5891085,354426082.8922109,746593474.6968975,True,3.106485698243472,4127.03837382
13743084,1123901919.5699155,382126727.56035966,741775192.0095558,True,2.9411758940426043,4105.1173641
13744435,1132897285.501559,368558357.2256437,764338928.2759153,True,3.073861339163615,4210.14093248
13745785,1149174047.2803366,383343740.5395034,765830306.7408332,True,2.9977639537377936,4218.61858241
13747136,1124413985.7207608,380321852.9294595,744092132.7913014,True,2.956480089324008,4123.47323818
13748486,1143109683.0202432,397259564.6762777,745850118.3439655,True,2.877488132857796,4132.46835728
13749837,1146878509.2486382,394719575.0306532,752158934.2179849,True,2.9055526550958963,4161.22
13751187,1150306561.714308,415404488.5076587,734902073.2066494,True,2.769124055078909,4086.14603807
13752538,1088204758.3619902,358096754.497236,730108003.8647541,True,3.0388568025136613,4067.61316371
13753888,1087007148.7236636,332939248.6753223,754067900.0483413,True,3.264881365139674,4177.01673845
13755239,1103483405.4499342,318580041.23843354,784903364.2115006,True,3.463755611181112,4330.28
13756589,1122566930.4027576,334143991.7749061,788422938.6278516,True,3.3595304959395094,4347.45318708
13757940,1153215037.101469,354221046.75722945,798993990.3442395,True,3.2556366925645777,4399.02
13759290,1148856553.8051775,346949361.6684329,801907192.1367444,True,3.311309028731111,4414.0085802
13760640,1163940011.5485935,382640054.93259376,781299956.6159998,True,3.041866622545918,4317.76928112
13761991,1152240373.7636666,368813803.0613918,783426570.7022749,True,3.124179095791238,4327.46
13763341,1143840587.3988369,354680306.15134335,789160281.2474934,True,3.224990414073783,4354.73890539
13764692,1170238013.760306,400817365.22258914,769420648.5377166,True,2.9196290263283085,4265.84204425
13766042,1164207675.3941524,364455228.4304561,799752446.9636962,True,3.1943777577505705,4402.99449931
13767393,1165451035.4257414,361400018.330209,804051017.0955324,True,3.224822845362658,4421.84934429
13768743,1196700809.4854481,398024207.3229187,798676602.1625295,True,3.006603084607263,4399.60286001
13770094,1188124587.322836,402671613.50295717,785452973.8198786,True,2.95060428269824,4339.77
13771444,1192909303.9171882,414875086.0493872,778034217.867801,True,2.8753457221945182,4304.19151344
13772795,1169059208.8884065,429638933.63957566,739420275.2488309,True,2.7210271634021206,4133.75
13774145,1140928944.3318017,403210025.61284626,737718918.7189554,True,2.829614523095459,4125.8264165
13775496,1154273105.3820736,414436406.9597656,739836698.422308,True,2.7851633833273075,4135.94998562
13776846,1133435256.255493,397494210.89825237,735941045.3572407,True,2.851450977598316,4120.34888922
13778197,1134862766.983667,408305817.01417637,726556949.9694906,True,2.779443053940778,4077.97363247
13779547,1125728365.165216,412188019.6055081,713540345.5597076,True,2.731104038983507,4022.5506071
13780898,1101905353.2630792,400034231.70432204,701871121.5587572,True,2.7545276527173113,3970.22651976
13782248,1100076286.853813,384163349.7503661,715912937.1034467,True,2.8635638656541693,4034.07977267
13783599,1098328817.7257948,386476820.7134174,711851997.0123776,True,2.841900882175374,4016.0358281
13784949,1093120445.6944168,366516290.6268445,726604155.0675722,True,2.9824607354420114,4083.76257471
13786299,1079411288.3518748,368820103.9219772,710591184.4298977,True,2.9266606588783484,4009.59
13787650,1078228961.269593,359205262.008458,719023699.2611349,True,3.0017070330228193,4049.19563259
13789000,1074483197.783836,354288378.15631557,720194819.6275202,True,3.032792674079089,4055.49102681
13790351,1066602461.7684041,349757073.9067084,716845387.8616956,True,3.0495522216454205,4039.20876687
13791701,1056543807.8971759,330844264.0104812,725699543.8866948,True,3.193477786466035,4080.32954728
13793052,1064225948.18993,328905146.62706566,735320801.5628644,True,3.2356621935035257,4129.24277653
13794402,1064127510.1126416,359557090.42353016,704570419.6891114,True,2.9595508987437364,3982.55
13795753,1070362242.0160818,359674394.22407436,710687847.7920074,True,2.975920052149318,4011.80715155
13797103,1081787099.444899,374397363.9532481,707389735.4916509,True,2.889408963840847,3996.40851863
13798454,1070809378.7512873,399962443.4792658,670846935.2720215,True,2.677274819696411,3827.95879752
13799804,1054155954.7288562,389359823.9358586,664796130.7929976,True,2.707408134904317,3804.40333528
13801155,1054884991.531671,393598912.30150807,661286079.230163,True,2.6801013889072918,3788.96640589
13802505,1008253373.5394183,342078685.32065874,666174688.2187597,True,2.94743115197107,3813.09433857
13803856,1031225382.2909135,373045951.00951344,658179431.2814001,True,2.764338761753817,3774.83273814
13805206,1042536652.6638207,385900148.5458812,656636504.1179396,True,2.701571006365833,3767.78
13806557,1003502324.0540782,321592815.9649195,681909508.0891588,True,3.1204127525147944,3885.94911723
13807907,1000950352.8260942,324509752.9695901,676440599.856504,True,3.0845000609885935,3859.16361521
13809257,1002909937.895507,322576347.3374205,680333590.5580864,True,3.1090622303018565,3881.33140284
13810608,1045364954.8945796,395173625.7464498,650191329.1481299,True,2.6453307781357447,3736.73083604
13811958,1137043179.067824,412539424.98490345,724503754.0829206,True,2.756204886622492,4082.11157594
13813309,1092276607.484784,375401655.40033007,716874952.0844538,True,2.9096211798000065,4047.80117551
13814659,1084622614.1798756,376203831.01311415,708418783.1667615,True,2.883071688182959,4007.40005989
13816010,1072660222.13497,356153231.07620716,716506991.0587628,True,3.0117941620062116,4045.41200749
13817360,1084582101.0535142,357608925.2714941,726973175.7820201,True,3.032872012996061,4094.73
13818711,1060341861.8655027,347391641.3368086,712950220.5286942,True,3.052295264748363,4027.91210546
13820061,1142557468.7769222,441406686.4474656,701150782.3294567,True,2.588446219454595,3972.63925445
13821412,1149992081.0688608,469082930.8406687,680909150.2281922,True,2.4515752022950363,3879.40207359
13822762,1125949412.5597763,455763575.912975,670185836.6468014,True,2.4704681814563627,3828.29070509
13824113,1096803757.3417835,422175020.1613166,674628737.180467,True,2.5979835493883217,3853.51763887
13825463,1105825744.640615,424369072.3790675,681456672.2615477,True,2.6058113482238796,3884.75696703
13826814,1099720463.621693,418937747.1984863,680782716.4232066,True,2.6250211898443756,3881.40632948
13828164,1089883785.180148,405981232.8297425,683902552.3504055,True,2.684566913557838,3894.77515051
13829515,1074046599.2960465,376572907.30480343,697473691.9912431,True,2.8521611046933284,3961.82
13830865,1070558846.7066065,376867038.51260054,693691808.194006,True,2.8406804981720692,3945.46
13832215,1085235038.4278336,385344688.92869854,699890349.4991349,True,2.8162709117515248,3975.74673288
13833566,1058604802.595533,350289861.16625184,708314941.4292811,True,3.0220823379558404,4018.65849635
13834916,1056563358.1728436,363054970.08974373,693508388.0830997,True,2.9102021600521573,3949.87673098
13836267,1106631724.1246235,414030615.58999455,692601108.534629,True,2.6728258308813007,3944.3
13837617,1118024191.1140835,432508765.24344873,685515425.8706347,True,2.5849746431954386,3911.5
13838968,1112544823.893429,422615738.2155231,689929085.6779058,True,2.632521042853496,3933.89816826
13840318,1098938175.844677,423923620.70151216,675014555.1431648,True,2.592302297348153,3864.80054275
13841669,1089263839.7395263,425426407.3408304,663837432.398696,True,2.56040485720686,3807.89
13843019,1054449182.1502981,389770162.8490257,664679019.3012725,True,2.70531016135971,3812.47463554
13844370,1054827113.2934644,372565750.02741706,682261363.2660474,True,2.8312508952200783,3898.86931197
13845720,1045249803.5428773,355578270.95287883,689671532.5899985,True,2.9395772715296027,3937.88
13847071,1061744866.8681246,358745798.37770104,702999068.4904234,True,2.9596022355369294,4009.59124073
13848421,1064699336.422411,358430890.2668026,706268446.1556083,True,2.970445252723303,4026.02185117
13849772,1063007874.3625475,361264365.5115654,701743508.8509822,True,2.9424653407409394,4001.73190863
13851122,1066982316.102045,360780668.5609812,706201647.541064,True,2.9574265172184457,4024.38514727
13852473,1074385298.6198106,359919755.5872472,714465543.0325633,True,2.9850689825759558,4068.02463735
13853823,1071239646.3530432,360253414.64020383,710986231.7128394,True,2.9735724987448715,4051.0850281
13855173,1061746486.3764476,367739248.87917876,694007237.4972688,True,2.8872264508412204,3957.91828612
13856524,1067437303.3199,367080317.23013943,700356986.0897605,True,2.9079121195448754,3989.61098743
13857874,1070146971.9124802,366761023.02185476,703385948.8906254,True,2.917831788926796,4007.23823197
13859225,1058116427.9091644,362271106.62683064,695845321.2823339,True,2.9207861420731858,3966.21026308
13860575,1052437529.207494,362895656.48313075,689541872.7243633,True,2.900110570092802,3932.50500092
13861926,1056892541.0664831,362353249.9209721,694539291.145511,True,2.916746410573073,3956.33
13863276,1083432460.799862,359319936.1749172,724112524.6249447,True,3.0152305834554256,4114.42138452
13864627,1081819703.7288074,376600050.0572815,705219653.671526,True,2.87259575128644,4107.97
13865977,1079734448.077297,418985959.2011707,660748488.8761262,True,2.5770182135360686,4097.60135469
13867328,1081935863.9462864,421187120.928444,660748743.0178425,True,2.568777178089683,4109.99104232
13868678,1074440986.194976,423828358.61549157,650612627.5794843,True,2.535085169158626,4065.43003054
13870029,1073544285.619063,426839539.0118223,646704746.6072407,True,2.5151003773090683,4060.28375293
13871379,1074105503.1629524,432391148.78126246,641714354.3816899,True,2.4841061298096085,4064.00618054
13872730,1071771779.1393278,436852789.47477263,634918989.6645552,True,2.4533934656292735,4051.05383167
13874080,1070077332.5947751,439565345.2244812,630511987.3702937,True,2.434398762823985,4040.58536669
13875431,1077573297.8264802,446838969.79889894,630734328.0275812,True,2.411547270175305,4096.24124649
13876781,1078122067.430529,451432675.99180144,626689391.4387279,True,2.3882233714293846,4124.34241048
13878132,1068959258.0969721,463932405.7817047,605026852.3152673,True,2.304127163300492,4083.20730229
13879482,1058530508.526466,464797439.3183218,593733069.2081441,True,2.2774017646889817,4025.28
13880832,1060163968.7485402,464666503.00375247,595497465.7447876,True,2.281558842514582,4034.27
13882183,1067153094.0874956,463760046.1784559,603393047.9090397,True,2.301088899057192,4075.63650854
13883533,1070020268.3014963,462429387.7883984,607590880.5130978,True,2.313910613291566,4098.12
13884884,1067316292.5309031,462791738.9910608,604524553.5398422,True,2.306256146355973,4081.86023206
13886234,1062993661.8475846,463272298.8428061,599721363.0047784,True,2.2945331816791215,4055.0574457
13887585,1059602078.7388283,454029647.87913424,605572430.8596941,True,2.333772879565128,4086.17986166
13888935,1064267985.88559,452278635.69941425,611989350.1861757,True,2.3531246047909846,4120.01082719
13890286,1054350907.489399,453541689.814012,600809217.6753869,True,2.3247056029662154,4062.21670738
13891636,1011934488.3026768,439649633.2631664,572284855.0395104,True,2.3016839131467006,3905.89
13892987,1014925226.3542701,439403093.75326127,575522132.6010089,True,2.309781703367302,3923.45588818
13894337,1011853116.7246155,439853923.42965066,571999193.2949648,True,2.30042989916958,3904.99223932
13895688,983256187.9026446,432260055.5299303,550996132.3727144,True,2.2746866737367606,3791.99
13897038,983699921.976636,430938174.24933577,552761747.7273003,True,2.2826938543798603,3801.68712529
13898389,984999797.8566716,430894603.44708925,554105194.4095824,True,2.285941364725452,3809.59328448
13899739,986533168.2551922,430868676.09814423,555664492.157048,True,2.2896377086146718,3818.98080464
13901090,981226829.3339937,431273465.15690565,549953364.177088,True,2.275184792500518,3786.29715838
13902440,970967190.2274258,431179680.8669443,539787509.3604816,True,2.2518853121166718,3732.59970057
13903790,955206154.0570105,428917290.4342835,526288863.62272704,True,2.2270171321138714,3657.62
13905141,956781966.7403445,428888086.1532229,527893880.58712167,True,2.2308429579424787,3666.85228942
13906491,953061781.1908873,415421988.76086396,537639792.4300233,True,2.2942015756886516,3719.03084251
13907842,957087586.2809821,415016351.2551681,542071235.025814,True,2.306144284162259,3743.74830135
13909192,953578024.8274692,415013213.80317104,538564811.0242982,True,2.297705213019372,3725.89
13910543,951558796.6921834,415442642.24508756,536116154.4470957,True,2.2904697301891743,3709.42049511
13911893,944630187.3538904,410139888.9248935,534490298.42899686,True,2.303190235482984,3700.39446685
13913244,930427848.2785748,381978481.8759388,548449366.402636,True,2.4358122052036553,3781.57919986
13914594,921069391.1230395,383278177.6124124,537791213.510627,True,2.4031354898959707,3720.38123988
13915945,916030064.0979614,383567816.1561044,532462247.941857,True,2.3881828076137537,3687.33306623
13917295,922429189.3917,382864088.7427329,539565100.6489671,True,2.4092862624458107,3728.80759798
13918646,921633514.1226429,382326482.64449173,539307031.4781512,True,2.4105929250515157,3727.92743471
13919996,919256456.099179,382749374.31095964,536507081.7882194,True,2.401719030250697,3712.6597031
13921347,923209326.4761796,379829992.27473086,543379334.2014487,True,2.4305856442437612,3751.85252173
13922697,925231893.2146703,379531055.68997866,545700837.5246917,True,2.4378292088182882,3766.09318313
13924048,919216006.1038537,377838074.50590664,541377931.597947,True,2.4328305380708364,3724.69911124
13925398,924500988.6432711,377221703.9592347,547279284.6840363,True,2.450816002737688,3758.94937797
13926748,923820985.9782801,377334937.3814351,546486048.596845,True,2.448278424439719,3754.08496948
13928099,922038708.2214637,368509539.51395756,553529168.7075062,True,2.502075548539608,3797.22031127
13929449,924787855.4014902,368166492.89301497,556621362.5084753,True,2.5118740386573504,3814.80361574
13930800,924699508.3392023,368225641.5368199,556473866.8023823,True,2.511230626090821,3813.70113071
13932150,926920843.419223,367954747.77702284,558966095.6422,True,2.5191164104259047,3826.61200179
13933501,920509297.3740773,368845125.50272906,551664171.8713481,True,2.495652602483062,3785.16565129
13934851,908015843.4915353,370621678.76383483,537394164.7277004,True,2.449980385713312,3700.39043899
13936202,913347125.2504915,370110028.5383194,543237096.7121722,True,2.4677718916657994,3735.16157358
13937552,915888246.0998334,369837403.5433219,546050842.5565114,True,2.476461919008006,3752.23289729
13938903,928120241.1720153,368289383.79188293,559830857.3801323,True,2.520084156692629,3835.59
13940253,931572683.9011419,367942902.25726736,563629781.6438745,True,2.5318403431241676,3858.13942045
13941604,901679178.2456969,344406763.40038764,557272414.8453094,True,2.618064666742494,3822.06125581
13942954,898721287.3916926,344277163.31016713,554444124.0815256,True,2.610458616396854,3805.51127833
13944305,899938469.2242751,343679835.0832234,556258634.1410517,True,2.61853730524036,3816.25
13945655,894961479.9672048,344380359.5976201,550581120.3695847,True,2.5987587707176245,3780.41357016
13947006,890062300.9070431,345161583.0553525,544900717.8516906,True,2.578682983860074,3746.2871415
13948356,864088387.6602541,353164983.8794871,510923403.78076714,True,2.4466989285526477,3534.01365811
13949707,851723270.5310249,354547447.1905392,497175823.3404859,True,2.4022829025568924,3454.14206075
13951057,840234653.5637015,357497372.8944496,482737280.6692519,True,2.350323994721436,3366.28605197
13952407,843314741.6823202,354065727.44349635,489249014.23882383,True,2.3818028019018045,3402.02
13953758,850042799.7395571,352307627.85294145,497735171.88661563,True,2.4127856808549657,3450.52903799
13955108,841727842.2037284,353478710.7364856,488249131.46724284,True,2.3812688477050235,3395.59871993
13956459,816900967.3623642,356152207.7542698,460748759.60809433,True,2.293684973942354,3229.67
13957809,807878232.5628139,342189034.014138,465689198.54867584,True,2.3609121048847967,3257.26799756
13959160,802725754.2449114,350150308.8188761,452575445.42603534,True,2.292517624652849,3180.7078136
13960510,787164166.935301,332500212.4671791,454663954.4681218,True,2.3674095156044492,3195.41438024
13961861,791866325.0966415,331892223.76881737,459974101.32782423,True,2.38591406603194,3226.61128479
13963211,790291424.166488,332161900.28195786,458129523.8845301,True,2.3792356182200423,3215.94744075
13964562,791224124.4337125,332103703.72630286,459120420.7074097,True,2.3824610070768295,3221.24342893
13965912,780176778.709651,333776453.892759,446400324.816892,True,2.3374230554930593,3146.79968352
13967263,757334651.543704,323197407.5186181,434137244.0250859,True,2.34325719800236,3068.46399701
13968613,761718395.7440795,319182844.2472225,442535551.496857,True,2.3864640893859943,3122.02800582
13969964,764335021.2761769,318863922.3719715,445471098.90420544,True,2.3970570756027394,3138.47277461
13971314,762510062.3339559,319140164.8675715,443369897.4663845,True,2.3892638604431458,3126.41389579
13972665,759267070.1004723,311492282.8580147,447774787.2424576,True,2.437514865967205,3154.90375729
13974015,764112970.7173578,310838023.8696073,453274946.84775037,True,2.4582351965983853,3190.18324741
13975365,759625893.1966343,311613248.58599746,448012644.6106369,True,2.4377201439398895,3158.53816529
13976716,760327605.4917959,311536628.1670433,448790977.3247526,True,2.4405721085358687,3163.53966513
13978066,743260491.8243608,315184555.6104445,428075936.2139163,True,2.3581754835189357,3031.72564602
13979417,731477490.1771537,305435973.69078314,426041516.4863707,True,2.3948635824989166,3022.46863236
13980767,737045270.5387816,304068183.8494611,432977086.6893205,True,2.4239473568325716,3065.70722518
13982118,744257547.5265445,302885333.0673208,441372214.4592237,True,2.4572254456478486,3120.69204871
13983468,744902727.1598881,302796748.57524616,442105978.58464193,True,2.4600750525390036,3125.98605295
13984819,741313291.7671573,303370593.38995564,437942698.3772017,True,2.443589813645074,3099.91535389
13986169,766196568.0643772,308287478.4927951,457909089.571582,True,2.48533145689303,3227.97115913
13987520,769769414.2998823,307807991.4319989,461961422.8678834,True,2.500810361416299,3253.38
13988870,766320648.5411977,308341427.26800233,457979221.27319527,True,2.485299024951103,3228.00593049
13990221,769626287.7551199,307931653.57832986,461694634.17679006,True,2.4993412622952285,3251.30083069
13991571,786729972.7561272,305410716.35496175,481319256.4011655,True,2.57597369910804,3375.14
13992922,786956497.3278149,305425785.1501736,481530712.17764133,True,2.576588276398731,3378.06692162
13994272,783836671.23406,305890764.47486913,477945906.759191,True,2.5624724975913984,3357.10406134
13995623,782089010.1379541,306180542.7977909,475908467.34016323,True,2.5543393547854047,3342.94
13996973,783184635.4184551,306097391.48836845,477087243.9300867,True,2.55861257624672,3348.16662578
13998323,788278825.9260156,319163418.33325356,469115407.59276205,True,2.4698282467414123,3300.50037683
13999674,784385927.90824,321516911.233328,462869016.674912,True,2.439641277030692,3261.07
14001024,784758142.1712294,321336114.3244498,463422027.8467796,True,2.442172252630363,3263.51
14002375,787354122.2570289,321022201.8947465,466331920.36228245,True,2.4526469434509037,3280.84320619
14003725,779864601.6056296,322222150.84856176,457642450.7570677,True,2.420269989359456,3227.37
14005076,789861891.2341093,320915801.79104364,468946089.4430656,True,2.46127453626733,3294.63876489
14006426,793861154.62205,324304747.5991703,469556407.02287966,True,2.4478863183441137,3325.8672654
14007777,791991046.5277164,324630874.53247863,467360171.9952377,True,2.439666429350913,3312.05411018
14009127,792862660.3249831,324545100.2958453,468317560.02913773,True,2.4429968580706776,3317.1776921
14010478,792300981.9966317,325646986.8436449,466653995.15298676,True,2.4330057209374534,3305.79
14011828,822036161.6760763,348717794.9818294,473318366.6942469,True,2.357310620523137,3347.26
14013179,820383236.4791938,348930595.4428639,471452641.0363299,True,2.351135862528652,3337.59062357
14014529,817783278.2368382,349391661.9645449,468391616.2722934,True,2.3405918551079337,3320.86020447
14015880,818209799.0723014,349328925.0442934,468880874.0280079,True,2.3422331802857603,3323.81
14017230,822354487.5767506,349322448.443645,473032039.1331056,True,2.3541415424076826,3349.2
14018581,818178603.5230709,349875027.9811288,468303575.54194206,True,2.338488140305918,3321.72192021
14019931,820430439.9617674,349569123.2470174,470861316.7147502,True,2.346976278514231,3337.15484809
14021281,809419330.6517781,351455358.4070934,457963972.24468476,True,2.3030501919797777,3259.32569811
14022632,811106464.6875423,351284141.812061,459822322.8754813,True,2.308975464999752,3271.00540662
14023982,806417943.0456696,351975936.1467578,454442006.89891183,True,2.291116693583934,3241.05936477
14025333,803237505.1409272,352577358.0389752,450660147.101952,True,2.278187997120718,3215.69686562
14026683,805347412.4460448,352249910.003919,453097502.4421258,True,2.2862955804221063,3231.7
14028034,801668537.0527663,352804217.3507292,448864319.7020371,True,2.272275946905172,3206.4959644
14029384,795981254.753843,353671352.0143958,442309902.7394471,True,2.2506240616329123,3168.32729001
14030735,791969638.550661,354444890.24555176,437524748.30510914,True,2.234394289058594,3137.11
14032085,793215365.475307,353656680.9895931,439558684.48571396,True,2.2428965946741117,3149.1
14033436,794318199.4398717,353526387.1892657,440791812.2506058,True,2.2468427484441813,3156.5693392
14034786,781919787.4497616,357339702.3114471,424580085.13831455,True,2.18816935927333,3060.19
14036137,791406581.4623954,355972782.24831015,435433799.2140853,True,2.2232221701443082,3123.95230374
14037487,794271309.4143534,355085418.56934345,439185890.8450098,True,2.236845750001539,3149.63304531
14038838,790695514.0208118,355654888.12268025,435040625.89813143,True,2.2232100286727055,3125.90473859
14040188,790554175.7049664,355696735.5145216,434857440.1904449,True,2.222551113834137,3125.95297218
14041539,791028651.1513675,355650032.61834013,435378618.53302747,True,2.2241770802823084,3128.72
14042889,798852647.9949498,354884325.321069,443968322.67388076,True,2.2510226318736852,3179.70865333
14044240,805911211.9258633,353843790.0982952,452067421.82756805,True,2.277590378799603,3231.04783315
14045590,783704866.9611605,369090690.9816358,414614175.97952473,True,2.1233395642594357,3007.15471196
14046940,771456679.597484,379013773.089471,392442906.508013,True,2.0354317820935015,2870.24709044
14048291,773177360.8204268,377755200.88771343,395422159.93271345,True,2.046768274807291,2884.6263595
14049641,756952562.1227175,379252524.11390054,377700038.00881696,True,1.995906458081694,2787.31172058
14050992,752152458.4274176,378833663.24541086,373318795.1820067,True,1.9854425078907745,2763.35092601
14052342,722303432.2445679,381135213.2609169,341168218.983651,True,1.8951369674417742,2591.41221785
14053693,702410484.5311408,377503474.43330663,324907010.0978341,True,1.8606728999927002,2510.26091929
14055043,689360647.3689344,373271993.57116497,316088653.79776937,True,1.846805169532513,2460.19227374
14056394,664388337.5677909,366424998.5728609,297963338.99493,True,1.813163239831963,2380.18852174
14057744,651809049.6344272,344576115.262811,307232934.3716162,True,1.891625741782152,2426.86785146
14059095,610588219.327026,347146208.85530245,263442010.4717236,True,1.758879122835334,2448.06
14060445,596824829.6340199,331955420.2765811,264869409.35743877,True,1.7979065656971436,2455.46790971
14061796,597001403.0024091,331023716.8930181,265977686.10939097,True,1.8035003914699892,2501.87145441
14063146,585791704.6826221,331585230.590025,254206474.09259704,True,1.7666399183107775,2433.10060455
14064497,581857035.0847929,329147854.9559792,252709180.1288136,True,1.7677679690867538,2425.12333249
14065847,569262393.5954219,314052517.1114769,255209876.48394504,True,1.812634392589043,2441.48
14067198,561650847.4291745,314515277.7647073,247135569.66446728,True,1.7857665020945415,2388.609234
14068548,520113772.4476067,304094675.2334047,216019097.21420196,True,1.7103679044968438,2209.69547585
14069898,516152843.9865296,276133174.96852905,240019669.0180005,True,1.8692170690658796,2366.76
14071249,531889384.6678527,280697327.1675953,251192057.50025734,True,1.8948858189528777,2417.56901849
14072599,531787135.6360942,280755600.56008816,251031535.07600605,True,1.8941283257581163,2414.41956472
14073950,529383091.3720419,273138390.62246156,256244700.7495803,True,1.9381497055965593,2398.09855522
14075300,536615294.0725381,272721901.7580426,263893392.3144955,True,1.9676281611904434,2448.98798756
14076651,543364964.3685647,272363068.93467164,271001895.4338931,True,1.9950023565746169,2496.48416963
14078001,537919837.6863203,272787830.20831317,265132007.4780071,True,1.971934881682736,2447.99928768
14079352,543507450.225735,272430947.0572764,271076503.1684585,True,1.9950283038566352,2494.22
14080702,586873816.3435888,272698316.136131,314175500.2074579,True,2.1520991572629344,2491.61278861
14082053,611586804.2208998,271544758.2332733,340042045.9876265,True,2.2522504510858936,2641.62826832
14083403,585928566.3840524,272800253.70900536,313128312.6750471,True,2.147829990690036,2489.81254006
14084754,576319417.5389048,273328153.4023949,302991264.13650984,True,2.1085256325221824,2428.00807824
14086104,570680797.1411691,273639306.3188905,297041490.82227856,True,2.0855220136982657,2392.64194078
14087455,579556690.0333288,273233846.7438785,306322843.2894503,True,2.121101382350293,2448.11903185
14088805,583055686.0404277,273095866.29066086,309959819.7497669,True,2.1349853952746067,2470.52334864
14090156,561423700.0016935,274284245.0152081,287139454.98648536,True,2.0468682040799115,2328.62350561
14091506,570356978.6121248,273842263.672052,296514714.9400727,True,2.0827938352685136,2385.46143111
14092856,573726184.0902432,273653522.775287,300072661.3149562,True,2.09654229286631,2413.82867114
14094207,568587637.5157168,273932157.6080188,294655479.907698,True,2.0756512943957937,2381.49713233
14095557,582705463.3759446,273230366.54479545,309475096.8311492,True,2.1326526430597585,2468.39280006
14096908,594775438.1901393,272673703.7930105,322101734.39712876,True,2.181271717501735,2543.0249185
14098258,591740939.2503314,272830972.35555667,318909966.89477473,True,2.1688920951363517,2527.3
14099609,606418025.7607685,280500268.40983534,325917757.3509332,True,2.161916026671101,2569.30451403
14100959,618410758.4679832,288331525.81063324,330079232.65735,True,2.144790642401467,2593.36779393
14102310,614552364.7728431,288580978.7452896,325971386.02755356,True,2.1295664303476696,2569.79761228
14103660,617687976.8698201,288474070.2109512,329213906.6588689,True,2.1412252977126367,2590.83882251
14105011,614982506.2750876,297558243.14846367,317424263.126624,True,2.0667634671046513,2573.37200398
14106361,621322281.2002618,297348923.86730236,323973357.3329596,True,2.0895393637864275,2610.51690032
14107712,619449050.4085449,297451276.2030139,321997774.205531,True,2.082522752350754,2600.03902541
14109062,615390536.3173777,297638609.92021704,317751926.39716065,True,2.067576301617371,2575.55064146
14110413,618503763.7629333,297555565.23601955,320948198.5269137,True,2.0786160167172114,2593.6097882
14111763,603120325.6610792,298167272.22496545,304953053.4361138,True,2.0227583032856415,2501.21569102
14113114,621420781.4499382,309122027.39525336,312298754.0546848,True,2.010276610457687,2543.29171015
14114464,633548658.8278865,308682626.6985438,324866032.1293428,True,2.0524273283659835,2616.28122356
14115814,650441110.7205089,316548655.8821053,333892454.8384037,True,2.0547903099066005,2672.9577801
14117165,653827127.5057259,316779479.211295,337047648.294431,True,2.0639819508940374,2691.31586673
14118515,659318985.5888315,316596684.58541626,342722301.0034152,True,2.0825201832173654,2725.84910396
14119866,663662038.0345646,316461572.75616145,347200465.2784032,True,2.097133096617473,2751.62509736
14121216,671063598.5348327,318131685.2982854,352931913.2365473,True,2.1093893803933192,2787.6833074
14122567,677461109.2072277,325414554.4964086,352046554.7108191,True,2.0818402245579475,2783.20239497
14123917,674753031.8336453,327028690.35977143,347724341.4738738,True,2.0632839005389245,2758.18955986
14125268,673859383.0166333,327103526.3335596,346755856.6830736,True,2.060079848633224,2751.79377219
14126618,678994964.7175343,326931730.5899781,352063234.12755615,True,2.0768707995771045,2782.20712554
14127969,666344466.740792,330723261.31207377,335621205.42871827,True,2.0148097962544664,2682.27631792
14129319,664970915.7084724,330796879.5426686,334174036.16580385,True,2.01020915501925,2675.06721041
14130670,664490902.7652051,330849902.3629856,333641000.40221953,True,2.0084361458755144,2674.82
14132020,665027148.8283006,330883778.9540768,334143369.87422365,True,2.0098511656583784,2673.88464657
14133371,656642258.9890238,331235796.8469776,325406462.14204615,True,1.9824012538487066,2620.85
14134721,656437572.9299979,331222950.7537328,325214622.176265,True,1.981860168313231,2621.83030809
14136072,663848410.8449923,330974336.2266885,332874074.6183037,True,2.0057398359439995,2666.42046376
14137422,667581621.930784,330844517.089371,336737104.841413,True,2.017810746280103,2689.88478521
14138773,690393853.6475292,330250075.1549783,360143778.49255085,True,2.090518384662121,2833.3145539
14140123,687165539.7525766,330401760.6046927,356763779.14788383,True,2.0797877665510742,2814.60482312
14141473,709276395.6355152,329593627.9731796,379682767.6623357,True,2.1519724152350177,2951.63518265
14142824,714732009.7614248,329498484.1851018,385233525.576323,True,2.1691511313900644,2983.43968644
14144174,719551898.1384462,329348599.7012764,390203298.4371699,True,2.184772908678189,3014.38195699
14145525,721976014.6614836,329466784.42463815,392509230.2368455,True,2.1913468938069163,3028.41
14146875,726842456.3603797,329331790.3602033,397510666.0001764,True,2.207021847375873,3057.17851996
14148226,720054435.8134933,321537892.922337,398516542.89115626,True,2.2394077079662034,3017.27
14149576,722150016.293771,321504657.9029527,400645358.3908183,True,2.2461572438921076,3028.69
14150927,720326873.5940932,321608091.72903085,398718781.8650624,True,2.239766013726423,3019.42793451
14152277,718671965.8631154,321690348.8941323,396981616.9689832,True,2.2340488868680017,3008.68608082
14153628,716306233.9356873,321772722.1065305,394533511.82915676,True,2.2261247915804905,2994.38264211
14154978,717047290.497866,321735139.95179814,395312150.54606783,True,2.228688139583674,2998.85
14156329,721875926.5301031,321614790.4212319,400261136.1088712,True,2.2445358485678875,3026.9562344
14157679,732594533.6186991,321243404.5836595,411351129.0350395,True,2.2804967297870666,3089.81911792
14159030,731104638.8134658,321283519.6482158,409821119.16525,True,2.275574668797133,3081.4
14160380,737795197.8100654,321045447.8328057,416749749.9772597,True,2.2981020375479515,3122.46547951
14161731,741357713.0269789,320904086.71813256,420453626.3088463,True,2.3102158673290862,3147.09484524
14163081,741193699.2502934,320949851.13129103,420243848.1190023,True,2.30937542621602,3145.16
14164431,737322304.6482395,321287585.83513004,416034718.8131096,True,2.2948982069497053,3123.21148294
14165782,730252885.7822362,321536082.47214556,408716803.31009066,True,2.271138219286781,3079.18924129
14167132,728875543.5469508,321598922.5096566,407276621.0372942,True,2.2664116467152184,3068.46223158
14168483,738886138.8328062,321267114.0011609,417619024.8316452,True,2.29991214983223,3130.31024933
14169833,732682533.432852,321471835.03873575,411210698.3941162,True,2.2791500018798456,3095.37
14171184,735715375.5203278,321356869.8520648,414358505.6682631,True,2.2894029801168125,3112.97029253
14172534,749247769.2664,320962964.8516492,428284804.4147508,True,2.334374527019671,3196.27402753
14173885,758179671.9370224,320843738.74218047,437335933.1948419,True,2.363080778541453,3252.16
14175235,753286293.1400552,321021708.73293674,432264584.4071185,True,2.3465275794377085,3222.62250488
14176586,,,,,,3168.11
14177936,757450702.4485743,320897888.3791034,436552814.069471,True,2.3604103669069167,3247.41
14179287,752583913.3473749,321061524.4619502,431522388.8854247,True,2.3440489003115212,3216.35919283
14180637,733858358.5936342,321747670.21510744,412110688.3785268,True,2.280850574933476,3101.11347426
14181988,734274092.061017,327737054.2721124,406537037.78890467,True,2.240436601506055,3066.84642288
14183338,736127283.5096681,327679860.19882756,408447423.3108404,True,2.2464831468830746,3076.97567483
14184689,739720297.6758467,327577331.8751207,412142965.80072594,True,2.2581547185867046,3098.09500623
14186039,738411373.8744841,327642840.85285914,410768533.021625,True,2.253708251193246,3092.83
14187389,711687052.5083277,328428280.3544645,383258772.1538633,True,2.1669481438694063,2927.3126001
14188740,716573417.426699,328289255.3545138,388284162.0721852,True,2.182750137993045,2957.09
14190090,710753863.5817121,328451272.905807,382302590.6759051,True,2.163955271945442,2921.61
14191441,709094224.0483669,328497348.4048173,380596875.6435495,True,2.1585995366225257,2911.35202721
14192791,713487883.8239903,328411791.8423545,385076091.98163575,True,2.172540394549784,2936.76293573
14194142,709560761.2681599,328554257.7682311,381006503.4999287,True,2.1596456125328882,2913.17376641
14195492,711670941.4460564,328489898.6548098,383181042.7912467,True,2.166492620809349,2926.65188857
14196843,711391792.340611,328497711.1763172,382894081.1642938,True,2.1655913211485966,2924.6529787
14198193,714487746.371055,328412940.5792642,386074805.7917908,True,2.1755773238131875,2942.74971347
14199544,699221260.984072,328846283.64394635,370374977.3401256,True,2.1262860362476954,2850.15224133
14200894,705689357.4483907,328653975.47205466,377035381.9763362,True,2.147210775207541,2888.99719854
14202245,705011815.2610614,332034898.91586924,372976916.3451923,True,2.1233063679842186,2865.43633693
14203595,704964064.8565434,332052832.37101513,372911232.4855283,True,2.1230478891650004,2864.69242318
14204946,718832256.555266,331649767.54083353,387182489.01443255,True,2.1674438727497725,2949.76544878
14206296,708347963.222688,331994020.68626386,376353942.5364241,True,2.133616628873207,2887.31
14207647,713416321.5150573,331846111.46701795,381570210.04803944,True,2.1498408354438814,2916.92485078
14208997,729916819.7724823,331443075.4006527,398473744.37182957,True,2.2022388577288856,3017.35865287
14210347,745907019.5255758,332472912.0861124,413434107.4394634,True,2.2435121551568136,3105.92967385
14211698,748312041.1209079,332392605.4587702,415919435.66213775,True,2.2512896762191303,3123.19
14213048,746581508.6845161,332440779.21864456,414140729.4658715,True,2.2457579074361793,3112.11819157
14214399,750712696.6502779,332317657.43620056,418395039.21407735,True,2.2590213906837078,3139.1
14215749,750846239.5316987,332312231.29110307,418534008.24059564,True,2.2594601366747855,3139.96730275
14217100,750886609.6480095,332295865.7306177,418590743.91739184,True,2.2596929034823767,3139.91339336
14218450,741354927.7923735,332558972.0026975,408795955.78967595,True,2.229243503273639,3083.86
14219801,750057018.0697225,332615362.6236148,417441655.4461077,True,2.255028186772244,3135.14514994
14221151,750161734.1883512,332608449.22573584,417553284.96261543,True,2.255389891431257,3136.13
14222502,747262934.7571001,333503494.44052565,413759440.3165745,True,2.240644992373119,3111.60960975
14223852,737325825.0376908,333774841.7097874,403550983.3279034,True,2.2090515308484076,3053.65247196
14225203,721353845.341286,334228477.6606596,387125367.68062633,True,2.158265658241344,2955.30440714
14226553,711118543.7711977,333500893.5237334,377617650.24746436,True,2.1322837736882745,2893.25
14227904,713817769.5642473,333420496.2670671,380397273.29718024,True,2.1408934890207982,2909.96
14229254,717680157.7767737,333303525.11226636,384376632.66450727,True,2.153233025468417,2933.01
14230605,710042610.6177465,333737031.0619905,376305579.5557559,True,2.127551169129501,2885.64192858
14231955,695590359.88512,334167596.1598633,361422763.72525686,True,2.0815613718343737,2795.49
14233306,695262774.7457933,334630036.26666385,360632738.4791294,True,2.0777058225333493,2790.68664037
14234656,698787703.5974855,334532568.51026154,364255135.087224,True,2.088848050607816,2811.18582957
14236006,694417143.7719429,334655769.77367646,359761373.9982663,True,2.0750191883485787,2785.26945715
14237357,686456742.7273352,334889290.1726054,351567452.5547299,True,2.0498020177758693,2735.93
14238707,689762239.0411377,334783864.2187567,354978374.8223809,True,2.0603210392195863,2758.04
14240058,686212322.487915,334883707.2924684,351328615.1954466,True,2.049106324210082,2736.55906191
14241408,670046255.1181066,335362356.15907264,334683898.95903397,True,1.9979769428870637,2637.31736413
14242759,667665387.2303406,335471673.3753801,332193713.8549605,True,1.9902288038586444,2622.67332712
14244109,671663533.376091,335347843.0198874,336315690.3562037,True,2.002886099781053,2647.51804484
14245460,663005148.7270298,335610525.9989054,327394622.7281244,True,1.975519530424955,2592.87760512
14246810,685253548.2022437,334934920.7272506,350318627.47499305,True,2.0459304354241103,2728.54687141
14248161,687673159.0844623,334862289.54418737,352810869.5402749,True,2.0535998843599828,2742.33
14249511,666999616.9564408,335462086.4802268,331537530.476214,True,1.9883010445526335,2618.9195579
14250862,683249055.2967018,335044867.80258405,348204187.49411774,True,2.0392762908975146,2716.31805792
14252212,666213624.5759611,335556628.95381963,330656995.62214154,True,1.9853984904218582,2611.48108976
14253563,651531415.0628362,335991088.0999443,315540326.9628919,True,1.939133025067114,2523.02159689
14254913,655564792.4481304,335866862.4659817,319697929.98214865,True,1.9518591016537967,2546.18957211
14256264,664175511.5579164,335600552.79869676,328574958.7592196,True,1.9790656064750547,2599.01035822
14257614,664164284.420484,335613816.0618805,328550468.3586034,True,1.9789539424027325,2599.49623501
14258964,672494851.6950312,335378131.2560841,337116720.43894714,True,2.005183967053402,2647.61342405
14260315,672595267.2279615,335378986.80270827,337216280.4252533,True,2.0054782609967923,2649.13412033
14261665,682725421.6358614,335046052.8202771,347679368.81558436,True,2.037706207516744,2716.45484173
14263016,682229798.1883035,335054946.626172,347174851.5621315,True,2.0361728876352987,2714.27934917
14264366,669186758.7155886,335462758.15265083,333724000.5629377,True,1.9948168386878824,2633.19
14265717,657869519.6231563,335793427.60136175,322076092.0217946,True,1.9591494816394925,2566.49671995
14267067,621276051.5622656,336881647.2257066,284394404.33655906,True,1.8441967874433312,2336.15
14268418,626015357.4447799,336698986.8004379,289316370.644342,True,1.8592730658135905,2363.31
14269768,641897928.6961472,336247840.9808093,305650087.71533793,True,1.9090023799819205,2457.68073683
14271119,672791743.6372687,335280097.48925793,337511646.1480107,True,2.006655774307702,2649.10033386
14272469,669372250.2976503,335416877.7012483,333955372.5964021,True,1.9956427204413132,2627.05749686
14273820,668728539.9920949,334492153.3119691,334236386.6801258,True,1.9992353583505298,2630.31
14275170,675958488.2344412,334281418.70997804,341677069.5244632,True,2.022124026046753,2675.31058337
14276521,682735910.4910202,334051249.2309783,348684661.2600419,True,2.0438058892542723,2716.49074024
14277871,681676253.0679834,334077287.459615,347598965.6083684,True,2.040474700484953,2709.52
14279222,698743271.0828695,333585597.82202864,365157673.26084083,True,2.0946445999016308,2811.5307448
14280572,695681724.456959,333682780.8026822,361998943.6542768,True,2.0848595267142023,2790.83
14281922,691811940.0157303,333496761.4811476,358315178.53458273,True,2.074418764797625,2772.68818236
14283273,695718101.9383478,333370997.72435063,362347104.2139973,True,2.086918498272023,2795.58968577
14284623,694470220.0553058,333389528.9081551,361080691.1471508,True,2.0830594839906453,2792.27369372
14285974,682923047.8143756,333731315.8098518,349191732.00452375,True,2.046325937849599,2720.53408986
14287324,687166648.1528734,333606359.3050613,353560288.84781206,True,2.0598127972869493,2745.7872679
14288675,692531104.4417759,333446309.31297207,359084795.12880385,True,2.076889397482482,2779.07832055
14290025,687655227.7140194,333590262.00416756,354064965.70985174,True,2.061376802736012,2748.89787478
14291376,667516825.3098387,334035982.27068335,333480843.03915524,True,1.998338085532719,2623.65294454
14292726,665545604.1118398,334073173.1301005,331472430.98173934,True,1.9922150523970736,2613.95116468
14294077,667300032.3732036,334017091.25707465,333282941.116129,True,1.997802058157615,2623.03017803
14295427,696706237.8785863,333117670.5728944,363588567.3056919,True,2.091471871427276,2805.3
14296778,696275993.2599342,333145345.0256334,363130648.2343008,True,2.0900066702308573,2801.26133764
14298128,716716392.6702951,332541290.94731146,384175101.72298366,True,2.155270374480663,2928.28865016
14299479,711342694.445483,332682446.24539065,378660248.2000923,True,2.1382032700360387,2898.22545949
14300829,713042746.6893879,332634756.58390504,380407990.1054829,True,2.143620690790703,2908.09465239
14302180,718749576.2040696,332483040.270523,386266535.9335467,True,2.161763125178544,2945.4895535
14303530,720558688.267023,332434939.7149805,388123748.5520425,True,2.167517917595569,2954.39807273
14304880,716039893.5998763,332555183.7787841,383484709.8210922,True,2.153146089811628,2928.6886664
14306231,721042421.9745303,332413902.9007646,388628519.0737659,True,2.169110303998876,2961.73
14307581,728051307.9644572,332242301.63101083,395809006.3334463,True,2.1913263434258075,3002.80251605
14308932,723152972.9793935,333086430.94521666,390066542.03417677,True,2.1710670438518456,2969.90117288
14310282,723218826.6975397,333022441.5389184,390196385.15862125,True,2.171681954391717,2970.71428868
14311633,716012453.3008178,333228820.6113883,382783632.68942946,True,2.148711062828002,2928.19752124
14312983,712750151.0456116,333336309.5317441,379413841.51386744,True,2.138231361734493,2906.39195195
14314334,713707745.8994385,333307687.6494934,380400058.2499451,True,2.141287982082112,2912.31744352
14315684,698931480.5274255,333749554.88858217,365181925.6388434,True,2.0941795136198893,2821.76178341
14317035,701190981.4305465,333676815.4389756,367514165.99157095,True,2.1014075566145642,2835.00455527
14318385,681424593.6225426,334275531.09385866,347149062.52868396,True,2.0385117372866,2713.33
14319736,685822801.3936394,334150903.78286254,351671897.6107768,True,2.0524343750968868,2738.86664032
14321086,683396174.2293336,337462584.97466505,345933589.25466853,True,2.02510205473783,2712.55099915
14322437,671904990.5152767,337789914.50854164,334115076.00673515,True,1.9891209348060221,2642.54672389
14323787,668109627.768209,337907830.8741451,330201796.89406383,True,1.9771948641730315,2616.70860875
14325138,668901428.9717102,337878855.0430226,331022573.9286876,True,1.979707871587697,2622.36801901
14326488,673102987.1877385,337762605.6533442,335340381.5343943,True,1.9928286196328202,2645.99777919
14327839,672609704.660665,337776423.1702437,334833281.49042135,True,1.9912867166624624,2642.9391119
14329189,677262375.7332587,337637194.2814536,339625181.4518052,True,2.0058879389001625,2671.55375603
14330539,675591614.1702299,337685188.2902277,337906425.88000226,True,2.0006551592946513,2661.52040345
14331890,673490497.3967221,337747817.03431654,335742680.3624055,True,1.9940632135256486,2648.20475001
14333240,666918844.5006893,337943967.51770765,328974876.9829815,True,1.9734598294486316,2607.79
14334591,672445257.1750653,337776671.8257632,334668585.3493021,True,1.9907983980668018,2641.78413811
14335941,670376700.5254558,337850087.31771016,332526613.2077457,True,1.9842430879558768,2628.63465838
14337292,651377797.9064542,338445252.3003925,312932545.60606164,True,1.924617921152912,2515.46
14338642,652866031.7394047,338382071.53147125,314483960.20793355,True,1.9293753619529006,2524.24543809
14339993,662266990.0205104,338091920.5336706,324175069.48683983,True,1.9588370789078209,2578.76644321
14341343,654918228.8061537,338339247.4821462,316578981.32400745,True,1.9356850666303884,2535.49655774
14342694,650637011.7567745,338407556.23576313,312229455.52101135,True,1.9226432736729027,2506.77614592
14344044,659050705.7432772,338182526.5872199,320868179.15605736,True,1.9488017680691818,2557.95931557
14345395,661310901.4931918,338119202.0548774,323191699.4383145,True,1.955851360922885,2570.93158957
14346745,661774293.3509221,338078131.87848043,323696161.47244173,True,1.9574596253057615,2575.43456568
14348096,659924300.6319195,338127605.5774688,321796695.0544507,True,1.9517019307100718,2564.81986088
14349446,661838918.9117934,338080235.5011261,323758683.4106672,True,1.9576385999931925,2575.79513825
14350797,684674043.2070291,337397112.65023005,347276930.55679905,True,2.0292824613375133,2714.64484343
14352147,690925069.0156718,337166459.13556117,353758609.88011074,True,2.0492105614155367,2754.33566071
14353497,690797319.4074441,337180407.9797616,353616911.42768246,True,2.048746911323826,2753.06
14354848,682072045.5260502,337407485.9488384,344664559.5772118,True,2.02150833615314,2702.48
14356198,683279503.5796756,337379157.1501752,345900346.42950046,True,2.0252570115809854,2710.92313643
14357549,662249240.9938072,337992611.29586065,324256629.6979465,True,1.9593601127987665,2582.30742207
14358899,664466380.6581099,337936317.0808492,326530063.5772607,True,1.966247328484498,2595.33049923
14360250,665513667.3097466,337921405.71902764,327592261.59071887,True,1.9694332943888821,2601.24606642
14361600,667779104.0725445,337852962.02490383,329926142.0476406,True,1.9765376632196614,2616.28515691
14362951,656627352.6339579,338169170.89421326,318458181.7397446,True,1.9417126371917721,2551.34414516
14364301,666075706.1597302,337899985.09772134,328175721.0620089,True,1.971221472433921,2606.19517685
14365652,675398009.6471599,337613432.58141816,337784577.0657418,True,2.000506924392833,2663.41749112
14367002,659617592.7569278,338119390.985726,321498201.7712018,True,1.9508422478637855,2567.24244481
14368353,661905775.0524751,338061249.39496493,323844525.65751016,True,1.9579463077684924,2578.51
14369703,663595017.9471477,338012604.1416175,325582413.80553025,True,1.963225660274848,2588.62907959
14371054,662895299.111833,338031807.6694845,324863491.4423485,True,1.9610441504960043,2584.56
14372404,662731621.7227861,337546655.3162497,325184966.4065364,True,1.9633778361745826,2586.49648932
14373755,661964451.9356712,337554274.4308391,324410177.5048321,True,1.9610607895628942,2585.02
14375105,660328935.7808857,337602253.59968853,322726682.1811972,True,1.9559375825845935,2575.2504563
14376455,662598712.2101897,337533951.8358993,325064760.37429035,True,1.9630579638173078,2588.90420067
14377806,660537262.203081,337596074.247935,322941187.9551459,True,1.956590471836985,2576.20735696
14379156,661513842.3580213,337574704.309744,323939138.0482772,True,1.959607262963177,2580.44493664
14380507,657397555.3720373,337694181.1546263,319703374.217411,True,1.9467245574806706,2556.33440576
14381857,652519839.8237495,337826861.0072084,314692978.8165411,True,1.931521483751484,2527.35442782
14383208,659437067.9167948,337633155.94231373,321803911.97448105,True,1.9531170334155892,2567.8509824
14384558,663361686.7706592,337501831.5077006,325859855.2629587,True,1.9655054427623857,2591.33
14385909,660007857.3568821,337574562.64580786,322433294.71107435,True,1.9551468931306288,2573.22382115
14387259,653684986.7660074,337784095.5601216,315900891.2058859,True,1.9352154093639355,2533.50230559
14388610,658104263.64758,337637725.9288261,320466537.71875405,True,1.9491431588018342,2561.26
14389960,652983952.2173505,337776224.89644295,315207727.3209075,True,1.933185061848404,2528.79866822
14391311,655759240.3969946,337610089.0387116,318149151.3582829,True,1.942356765060427,2545.99
14392661,663052065.7765548,337405286.13839054,325646779.63816434,True,1.9651502007132058,2591.47751565
14394012,668299454.5941392,337246468.6290547,331052985.96508443,True,1.9816351445008529,2624.39869127
14395362,667473191.772364,337264797.47417307,330208394.2981909,True,1.9790775579638653,2618.97
14396713,677330194.7430475,336962340.45701784,340367854.2860297,True,2.010106511678406,2678.0
14398063,677782442.4657623,336527365.21852845,341255077.24723387,True,2.014048521806348,2685.57810612
14399414,676092248.6889005,336578133.5539236,339514115.1349769,True,2.0087230312618716,2674.15845222
14400764,691996758.207955,336101666.4145062,355895091.79344887,True,2.0588911848908595,2770.69257718
14402114,691538797.594021,336109578.53495556,355429219.05906546,True,2.0574801843146537,2767.36
14403465,689612665.1649336,336164320.8054896,353448344.35944396,True,2.0514154015885437,2755.7169785
14404815,697179728.8850638,335923277.31093293,361256451.5741307,True,2.075413572009627,2801.44056554
14406166,698615984.1439599,335871562.16982657,362744421.97413325,True,2.0800093334210863,2810.68460899
14407516,692897283.1971014,336033213.4003877,356864069.79671353,True,2.0619904686966337,2776.87873614
14408867,697510065.3151453,335907719.7551989,361602345.55994636,True,2.0764931089510923,2804.1199254
14410217,694795731.555859,336007443.740424,358788287.8154351,True,2.067798629165519,2788.7626034
14411568,712337119.9569147,335495102.57758164,376842017.3793331,True,2.123241485446692,2894.6884109
14412918,722025104.1256635,335201893.18802047,386823210.93764305,True,2.1540006748132154,2955.5614146
14414269,723136288.0318804,335172242.68971616,387964045.34216416,True,2.1575064874966983,2961.7460564
14415619,719033026.8230406,335283296.33559346,383749730.48744714,True,2.14455367947511,2937.76295831
14416970,722841832.0740418,335175807.30503863,387666024.7690032,True,2.1566050303153115,2960.39
14418320,723333975.1723493,335156771.1297774,388177204.0425719,True,2.1581959174927854,2964.31197147
14419671,717781567.1342964,335328763.7918054,382452803.3424911,True,2.1405308599769968,2928.71066776
14421021,719185880.6169602,335287856.2727636,383898024.3441967,True,2.1449804016519094,2937.09
14422372,717584612.2105896,335310962.1830584,382273650.0275312,True,2.140057120526928,2928.26708783
14423722,709477451.8641644,335536798.5071044,373940653.35706,True,2.1144549719161203,2880.3521719
14425072,703013031.5633144,335712846.05400866,367300185.5093059,True,2.0940903508059843,2840.69
14426423,706630911.3219224,335625288.654239,371005622.6676835,True,2.105416174553799,2860.90506471
14427773,704194796.6793278,335688531.3586701,368506265.3206577,True,2.097762452083664,2847.54754524
14429124,713709389.2117403,335412833.02028835,378296556.191452,True,2.127853555229265,2903.75
14430474,716364979.9895376,335333108.76231563,381031871.2272219,True,2.1362787069656686,2922.01061868
14431825,714354830.123172,335397825.1967038,378957004.9264682,True,2.1298731728633538,2910.01101075
14433175,713067508.4716347,335359052.2595895,377708456.21204513,True,2.1262807837364552,2902.88327882
14434526,726136774.486747,334982114.2506677,391154660.2360793,True,2.1676881946699327,2982.96636839
14435876,730956717.9233084,333684536.21430093,397272181.7090074,True,2.1905621585468644,3018.92059204
14437227,729308442.2653791,333722880.3258182,395585561.93956083,True,2.1853714122128673,3008.29
14438577,728642920.9092118,333728229.800174,394914691.10903776,True,2.183342180388816,3005.08794657
14439928,725846593.7459198,333871506.0748505,391975087.6710692,True,2.174029770552485,2987.91342977
14441278,720961927.0961258,334016841.5996475,386945085.4964784,True,2.1584598059288,2957.52691214
14442629,719804166.61096,334082962.5965935,385721204.01436657,True,2.1545671201441254,2948.10674401
14443979,727219533.8725771,333797679.6151873,393421854.2573899,True,2.178623694181874,2995.54142858
14445330,728178502.8045827,333263501.10669035,394915001.6978924,True,2.1849932572468087,3002.11930229
14446680,731257792.874609,332513573.2924255,398744219.5821835,True,2.1991817826681985,3027.52069316
14448030,734702546.0330291,331912965.5976813,402789580.43534786,True,2.2135397594668764,3049.83449314
14449381,730485297.4183263,332008739.2368221,398476558.1815041,True,2.2001990040908845,3024.98325311
14450731,742091943.0044341,330032225.837282,412059717.1671521,True,2.2485438842275745,3105.71403115
14452082,742537312.4392747,330020391.9231358,412516920.51613885,True,2.24997403376279,3108.11156378
14453432,747314975.028232,329745164.84687835,417569810.1813535,True,2.266340964772775,3137.4599
14454783,739323668.2710363,321899899.78766346,417423768.48337287,True,2.296750228125949,3136.7296088
14456133,744128182.4450867,319679096.0054974,424449086.4395894,True,2.3277348808327782,3179.62
14457484,728880356.1941552,316344747.30634695,412535608.8878082,True,2.3040697289919296,3109.585
14458834,726018833.3178804,316425950.4039745,409592882.913906,True,2.2944351826738205,3092.24
14460185,731534544.3331088,316269291.5087748,415265252.824334,True,2.3130116137526193,3125.97981726
14461535,731042139.8106577,316168325.9167387,414873813.89391905,True,2.312192841237278,3123.00698748
14462886,730815131.7654184,316181086.07882524,414634045.6865933,True,2.311381559310677,3121.24
14464236,733788232.1207305,315580267.12888706,418207964.99184346,True,2.3252031528987898,3143.41606732
14465587,737585027.5603498,315475812.86502016,422109214.69532955,True,2.3380081688732623,3165.63035323
14466937,735097944.7013513,315541226.0753204,419556718.6260309,True,2.3296415300290483,3151.17
14468288,734063305.1755859,315569481.03812975,418493824.13745606,True,2.3261542997147124,3144.30125812
14469638,739851755.1557808,315369158.8473043,424482596.30847657,True,2.345986392137992,3181.29
14470988,753868159.0444385,314963337.90334845,438904821.14109,True,2.393510825935478,3267.29
14472339,759864808.0347855,314701724.37190056,445163083.662885,True,2.414555590857872,3304.35
14473689,762047582.0553756,314505163.5798102,447542418.4755654,True,2.423004994199388,3320.17923243
14475040,770930498.6388084,314263452.0758496,456667046.5629588,True,2.4531344435583273,3373.52566126
14476390,776078763.4183174,314103204.282941,461975559.1353764,True,2.4707763334984434,3406.92
14477741,767770674.2333257,314316937.45110595,453453736.78221977,True,2.442664020779209,3357.99791156
14479091,772784836.2741183,314151736.78784233,458633099.4862759,True,2.4599094825186563,3388.00520208
14480442,779772804.1841177,313951619.2777859,465821184.90633184,True,2.4837355703974597,3427.85
14481792,783736865.1299236,313764412.10158145,469972453.02834207,True,2.497851365234462,3452.89726176
14483143,779823760.8568993,313771177.0546825,466052583.8022168,True,2.4853263074606606,3428.21667391
14484493,770532704.2861831,313987079.3370029,456545624.9491801,True,2.4540267896156616,3371.54841434
14485844,774527430.6550686,313869282.1725329,460658148.48253566,True,2.4676751585690804,3395.45
14487194,775884983.5249599,313840273.39370024,462044710.13125974,True,2.472228867044233,3400.09001185
14488545,772721055.2156492,313914113.64900464,458806941.56664467,True,2.4615683768830103,3379.685
14489895,777875671.8855606,313774417.9013504,464101253.98421025,True,2.479092072222797,3410.40887383
14491246,780014564.4432024,313715295.14778954,466299269.29541296,True,2.486377223258247,3421.48441159
14492596,777138950.5870043,313798167.0627573,463340783.5242469,True,2.4765566920331383,3404.43199107
14493947,777522191.2581208,313815905.26593214,463706285.9921887,True,2.477637934250774,3407.0922
14495297,755391573.5977211,314406636.42752886,440984937.1701923,True,2.402594239679288,3276.1814
14496647,758252893.7233464,314331828.56441885,443921065.1589275,True,2.4122688980824947,3293.92
14497998,747584730.6293988,314632962.0396763,432951768.5897225,True,2.3760534363056527,3227.34105723
14499348,756483498.7012428,314393002.9235161,442090495.7777267,True,2.4061715485610735,3279.78727831
14500699,769374746.7689786,314043712.00238496,455331034.7665935,True,2.4498969963873556,3358.03
14502049,787000990.3440241,313574789.93551695,473426200.4085071,True,2.509771243108739,3464.92006972
14503400,782992881.8195322,313676375.9325226,469316505.8870095,True,2.49618059215262,3441.33833804
14504750,790156830.2015401,313467702.9971211,476689127.2044191,True,2.520696143962228,3487.54004358
14506101,789848871.9082236,313474579.9162378,476374291.99198586,True,2.5196584428609037,3485.83569671
14507451,786379003.116571,309214931.74032915,477164071.37624186,True,2.5431469259607167,3491.25
14508802,783753317.0149025,309277173.1357066,474476143.87919587,True,2.5341453721545824,3475.7299953
14510152,782019457.5876682,309321831.1630976,472697626.4245705,True,2.528174150033817,3465.09
14511503,786646132.4427421,309194822.0310723,477451310.41166973,True,2.5441762810752655,3493.31787484
14512853,785485755.3570422,309224776.34409636,476260979.01294583,True,2.5401772931771043,3486.36
14514204,788547097.6660463,309144375.0486071,479402722.6174392,True,2.550740564314205,3504.12594077
14515554,790133230.2587183,309099236.0951832,481033994.1635351,True,2.5562445259987854,3513.64
14516905,785967994.5280837,309197475.563361,476770518.96472275,True,2.541961227516628,3491.43
14518255,788056747.0628098,309145624.3655246,478911122.69728523,True,2.549144108638701,3502.96459726
14519605,784167073.2375791,308999488.4782191,475167584.75936,True,2.537761719605092,3479.19158404
14520956,775506949.5102731,308250936.5866146,467256012.9236584,True,2.515829986107327,3435.12798594
14522306,791632512.7136581,307818792.81093836,483813719.9027196,True,2.571748480606501,3530.48482652
14523657,790603849.2837291,307847571.31863,482756277.96509916,True,2.5681665958814213,3523.14582373
14525007,789412148.6778253,307138052.6488641,482274096.0289613,True,2.5702192934729635,3520.3
14526358,782478340.3331017,307167157.8731859,475311182.4599159,True,2.5474023517063253,3480.93331771
14527708,777216928.147162,307255024.7833055,469961903.3638565,True,2.52954993557974,3450.51252709
14529059,762494162.6064955,307285198.367237,455208964.23925847,True,2.481389167646265,3362.79775289
14530409,761343421.949343,307074554.1726658,454268867.7766772,True,2.4793438974472797,3353.9
14531760,759024717.6716694,307084079.2269959,451940638.4446734,True,2.471716279080036,3340.2175
14533110,744131976.3376706,307368152.3566478,436763823.98102283,True,2.4209794366536506,3250.37490431
14534461,734996066.3803284,304953743.59372824,430042322.78660023,True,2.410188698517897,3209.13490703
14535811,727713352.5791377,305163713.8734409,422549638.7056967,True,2.3846654090759256,3162.40076705
14537162,736235611.6554323,304920280.7874819,431315330.8679505,True,2.4145183447753715,3213.4
14538512,741080044.584943,304795180.7773616,436284863.8075815,True,2.4314034188298628,3241.96820192
14539863,736179975.8691461,304936089.7577362,431243886.1114099,True,2.414210716921116,3213.0022
14541213,730241047.8882009,300846641.5422836,429394406.3459173,True,2.4272866871461036,3201.02
14542563,740922721.4028889,300235128.3497167,440687593.05317223,True,2.467808232419276,3267.74
14543914,738260186.9660875,300348606.72528774,437911580.2407998,True,2.458011025972007,3250.84048533
14545264,737379761.6403483,300327137.2162827,437052624.4240656,True,2.45525518764333,3246.5653
14546615,736685553.7316589,300339515.451221,436346038.2804379,True,2.452842585914427,3243.5895
14547965,730177122.841044,300450026.2715437,429727096.56950027,True,2.4302781128104054,3204.71218844
14549316,732372066.0459818,300394355.18484676,431977710.86113507,True,2.43803538050946,3216.4966
14550666,731581644.4799514,300415289.5242304,431166354.955721,True,2.4352343904951104,3211.44708054
14552017,733438579.5833831,300316488.5063752,433122091.0770079,True,2.442218817991452,3224.13
14553367,734425460.2559296,300283390.2293831,434142070.0265464,True,2.445774505525964,3231.81
14554718,739539390.4288906,300142532.38530356,439396858.043587,True,2.463960654131877,3264.47383763
14556068,738002111.8326038,300184744.95761085,437817366.87499297,True,2.4584930587889042,3254.88262151
14557419,734823014.9337424,300263047.6688122,434559967.26493025,True,2.4472642259471318,3237.65375358
14558769,737393281.1773865,300194428.7960088,437198852.3813777,True,2.456385630255875,3252.03079001
14560120,744166007.8684222,299946836.9016849,444219170.9667373,True,2.4809930171470396,3293.44825372
14561470,729671778.2528622,300355820.0172288,429315958.2356335,True,2.4293578803001297,3207.13
14562821,726167508.1770898,300447461.02374005,425720047.1533499,True,2.416953385802489,3183.89098922
14564171,705830590.1010236,300921280.13178635,404909309.96923727,True,2.3455655571846235,3061.21329282
14565521,696708069.242035,301146500.33839804,395561568.903637,True,2.3135187307810146,3004.10022816
14566872,690236196.5160316,301267888.8519728,388968307.66405886,True,2.29110443581054,2965.745
14568222,690338610.1707187,301187284.3107384,389151325.8599802,True,2.292057620395715,2966.94
14569573,700089942.6411052,300925570.7295753,399164371.91152984,True,2.3264554784885205,3024.67242245
14570923,707129247.1180477,300705692.78062505,406423554.3374228,True,2.3515658801774744,3068.39625817
14572274,700606342.680885,300853605.54173654,399752737.13914835,True,2.3287284239765973,3031.36096422
14573624,697415849.2070113,300758229.5277296,396657619.67928183,True,2.3188587401320313,3010.54
14574975,703921887.3871508,300673733.28903234,403248154.0981185,True,2.341148592153486,3051.80045671
14576325,704679141.9586842,300656302.0078959,404022839.9507883,True,2.343802997817015,3055.91066901
14577676,706971960.1633993,297888202.84622276,409083757.3171766,True,2.3732794834052413,3084.77120981
14579026,707903155.9643837,295664902.6379997,412238253.32638395,True,2.394275240815823,3103.49
14580377,710058501.317861,295021595.38937336,415036905.9284876,True,2.4068017813432148,3119.98
14581727,708020242.4974909,294506227.7141144,413514014.78337646,True,2.404092599307565,3110.67671294
14583078,705963017.3843637,294554795.6761471,411408221.70821655,True,2.396712013341469,3098.99370789
14584428,694186086.0338911,294943942.1909593,399242143.84293175,True,2.3536204231800952,3025.97865654
14585779,689531758.7989143,295049186.5661459,394482572.2327684,True,2.337006133871618,2998.91
14587129,693053430.220853,294958281.7583943,398095148.46245867,True,2.349665946279636,3019.91699024
14588480,693617332.1048915,294868083.7733622,398749248.3315294,True,2.3522970788456403,3022.97
14589830,694418097.6565682,294808132.47015184,399609965.1864164,True,2.3554916610954595,3027.86
14591180,694297157.1247053,294814105.40185344,399483051.72285193,True,2.355033712441699,3026.42
14592531,695609578.9832486,294687503.7740505,400922075.2091982,True,2.3604990713030105,3034.2618647
14593881,697482302.986996,294695581.8975931,402786721.0894029,True,2.3667891404947214,3044.41617161
14595232,695983487.468043,294734536.4424626,401248951.0255803,True,2.361391019419644,3035.59476466
14596582,697202578.7463061,294702779.8112866,402499798.9350194,True,2.3657821592071877,3042.50599345
14597933,693682547.9284526,294795773.3752095,398886774.553243,True,2.3530952970806296,3022.48706797
14599283,700289108.382,294608360.15425515,405680748.2277449,True,2.377017094882619,3062.7
14600634,695377256.8616754,294648275.3788154,400728981.4828599,True,2.3600248668269366,3034.16
14601984,696396631.1204985,294621431.3769634,401775199.7435351,True,2.3636998431029626,3039.80147539
14603335,701473788.1809366,294475227.4540021,406998560.7269345,True,2.38211476817862,3071.54758969
14604685,694750695.5511079,294664083.6348426,400086611.9162653,True,2.357771897344862,3030.8
14606036,688041076.4708171,294663932.82079124,393377143.6500258,True,2.3350026923358485,2991.3117
14607386,675474575.9666159,294932160.6037455,380542415.36287034,True,2.2902710053182234,2915.0977733
14608737,675646246.5093949,294215076.6063834,381431169.9030115,True,2.296436519510217,2919.17
14610087,674509413.4255912,294201552.71151745,380307860.7140738,True,2.2926779522710024,2912.47188167
14611438,690041416.0072197,293759161.1427256,396282254.8644941,True,2.3490039027989895,3007.85
14612788,698339537.4298829,293516499.2095838,404823038.22029907,True,2.3792173159275705,3059.13
14614138,696454485.4841455,293563352.526033,402891132.95811254,True,2.3724163097721283,3048.70785485
14615489,696885331.3229005,293547798.2336072,403337533.0892934,True,2.3740097371410527,3050.22050192
14616839,706342635.0920662,293279691.7128959,413062943.3791703,True,2.408426682961517,3105.86551923
14618190,704594944.407096,292673667.36881423,411921277.0382818,True,2.4074422230791166,3099.02492306
14619540,701664289.1833677,292289304.22410935,409374984.9592584,True,2.4005814754185293,3085.5777718
14620891,702681831.847259,292263526.4277407,410418305.41951823,True,2.404274801019313,3090.8798642
14622241,711978059.7690994,292003032.2652105,419975027.5038889,True,2.4382557066135133,3145.0287757
14623592,695132207.9740566,292451449.27125657,402680758.7028,True,2.3769149023067513,3046.71302868
14624942,700108409.3371848,292315383.26014596,407793026.0770388,True,2.395044699765676,3074.13
14626293,703483962.6432588,292192403.34996283,411291559.29329604,True,2.4076052442769584,3094.81438878
14627643,702564055.3312597,292139785.1916326,410424270.1396271,True,2.404890025062503,3090.1091
14628994,711402985.3020241,291907082.4284739,419495902.8735502,True,2.4370871010858037,3144.69
14630344,690777083.3776056,290270708.30521715,400506375.07238835,True,2.379768483739873,3033.42923884
14631695,683091424.7319462,290445259.03618526,392646165.695761,True,2.3518766565469846,2985.29052019
14633045,687934718.9811561,289311336.9534158,398623382.0277403,True,2.3778353320869883,3013.74435949
14634396,685673796.9714909,288850693.7181524,396823103.2533385,True,2.3738000700131283,3003.87619284
14635746,676166645.5377196,288339677.474393,387826968.0633266,True,2.3450350345826716,2950.37578211
14637096,679071068.1405413,287543888.6169585,391527179.5235828,True,2.361625807478531,2970.7
14638447,677366888.0381418,287589321.08398706,389777566.95415485,True,2.3553269832308024,2961.33
14639797,676263270.0220147,287619515.2925948,388643754.72941995,True,2.3512426454583704,2954.75
14641148,676974143.898415,287597544.3887034,389376599.5097117,True,2.3538940338915006,2959.16
14642498,678086286.4088207,287052542.362696,391033744.0461249,True,2.362237522188696,2968.06809339
14643849,677566658.1101321,287063885.0872227,390502773.0229094,True,2.360334034719336,2965.52624457
14645199,676318518.1271094,287111922.4732507,389206595.65385884,True,2.3555918970593077,2957.68
14646550,674862783.5871779,287153775.17291385,387709008.41426396,True,2.3501790397176543,2948.67815089
14647900,672946787.5346576,287172089.81400675,385774697.72065085,True,2.343357211247466,2938.27796029
14649251,674284689.8151227,286528786.8032604,387755903.01186234,True,2.3532877702724777,2949.47
14650601,666967793.6179326,286566187.3547787,380401606.2631538,True,2.3274476300729914,2907.49264825
14651952,660137589.734508,286333997.4526106,373803592.28189737,True,2.305480996345058,2867.81322255
14653302,652968248.5220219,285916006.6406116,367052241.88141036,True,2.2837764705590082,2826.85
14654653,661556208.2540045,285632933.8678528,375923274.3861516,True,2.316106197193883,2878.25995465
14656003,682420207.1510962,285027232.71744955,397392974.4336467,True,2.394228090575424,3007.24
14657354,683911713.3370337,284979733.48031217,398931979.85672164,True,2.3998608777710917,3015.67
14658704,675382275.5213087,280087372.9323828,395294902.58892584,True,2.4113271100027625,2994.34333118
14660054,676818360.35121,280044529.2048316,396773831.1463784,True,2.416824075346132,3003.2278
14661405,653479943.8295051,280595789.8609466,372884153.9685585,True,2.3289014569796174,2860.46640419
14662755,650779640.9068316,277968858.70232093,372810782.2045106,True,2.34119621868778,2843.97
14664106,649913064.6642764,277861961.79725575,372051102.8670207,True,2.3389781762877306,2839.74
14665456,657579138.5996515,277621500.57460195,379957638.02504945,True,2.368617478252366,2886.97210095
14666807,657762801.9167815,277709347.13575494,380053454.7810265,True,2.3685295748984707,2888.59947904
14668157,655421643.2700201,277778388.6713533,377643254.5986669,True,2.3595127266918747,2874.26186703
14669508,655845227.1579899,277450700.4047121,378394526.7532778,True,2.363826172366193,2878.60379955
14670858,657063415.5565058,275578966.5445764,381484449.0119294,True,2.3843017621964346,2885.51
14672209,665766593.6365057,271739652.54526305,394026941.0912426,True,2.4500163572028213,2938.29
14673559,664326630.0210587,271790246.67214495,392536383.3489137,True,2.4442622138035084,2930.19995021
14674910,666578557.6226078,270553418.81988,396025138.8027278,True,2.4637595064595366,2946.61904395
14676260,663352468.0268496,269327240.2448773,394025227.78197235,True,2.4629980518261627,2935.0011833
14677611,661148643.1390475,268874092.21086264,392274550.92818475,True,2.4589525814950823,2922.35621537
14678961,651371661.6160947,269282176.77940977,382089484.8366849,True,2.4189185834964655,2862.17405347
14680312,651398522.2402872,269043926.6607771,382354595.5795101,True,2.4211604786069016,2860.21999602
14681662,642666040.0194156,269249170.7659244,373416869.2534911,True,2.386882151544773,2807.33
14683013,646775737.8124628,269076291.5614138,377699446.251049,True,2.4036890580708894,2831.06165068
14684363,646646366.065162,269082236.1620489,377564129.90311307,True,2.403155166570466,2830.1447912
14685713,633173170.8806767,256509461.2040241,376663709.6766526,True,2.46842033782551,2828.32614544
14687064,623447461.5936904,254181170.84947923,369266290.74421126,True,2.452768076841077,2788.12
14688414,615244406.3317888,254413799.52580512,360830606.8059836,True,2.4182823709976655,2741.745
14689765,619546975.4380381,254064732.89554492,365482242.5424932,True,2.4385398491838535,2766.77288046
14691115,620554061.6749166,252527287.81245086,368026773.8624658,True,2.4573742784415247,2780.5395
14692466,615487852.3418798,251783257.59398493,363704594.74789494,True,2.4445146123829633,2759.76652819
14693816,615236424.4811757,250976474.3219649,364259950.15921074,True,2.451370894994406,2765.17996056
14695167,628581619.8283352,250424108.19064087,378157511.63769424,True,2.5100683171837974,2844.48
14696517,630499161.5854814,250339047.444943,380160114.1405385,True,2.5185809725674013,2858.0
14697868,623117337.9092019,249605254.15208372,373512083.75711817,True,2.496411143370958,2819.24984502
14699218,633813020.2137676,257679549.48113537,376133470.7326323,True,2.4596946924581955,2830.52188027
14700569,627194843.5051696,251433733.37958205,375761110.12558746,True,2.4944737329987148,2829.88
14701919,627431528.2087398,249413499.14900774,378018029.0597321,True,2.515627784179764,2843.07837287
14703270,626979644.6515509,249442417.22539058,377537227.42616034,True,2.5135245706227507,2839.98
14704620,627960476.0299984,249381524.22228223,378578951.8077162,True,2.5180713687124467,2845.15
14705971,623250581.4477676,249062531.82159778,374188049.6261698,True,2.5023859546011473,2820.74
14707321,617982994.8050635,248114192.82987484,369868801.9751886,True,2.4907200501375493,2787.43505302
14708671,619243691.8467515,248061812.40284392,371181879.44390744,True,2.4963281766284964,2794.93299059
14710022,627437233.3475158,247707493.83713663,379729739.5103792,True,2.532976389321693,2842.88787997
14711372,628457049.1781532,247637306.60104233,380819742.5771108,True,2.537812487965042,2851.26585767
14712723,645783034.3965625,246836739.52112356,398946294.8754389,True,2.6162354747085703,2956.165
14714073,643527271.6760641,246950214.8709982,396577056.8050659,True,2.6058988124882974,2940.54830462
14715424,644490204.188958,246908210.91830054,397581993.27065754,True,2.6102420887177926,2946.335455
14716774,640503848.5861458,247086372.79899225,393417475.7871534,True,2.592226521157455,2922.87009504
14718125,613241899.7673793,248187930.9114108,365053968.8559685,True,2.4708771998517216,2757.33
14719475,612147747.4435774,248232344.2080943,363915403.2354831,True,2.466027339815198,2749.19
14720826,609749158.1004664,248005787.28078288,361743370.81968343,True,2.4586085864606506,2736.33530932
14722176,611087071.5901135,248182447.24170697,362904624.34840655,True,2.4622493588153342,2744.37961797
14723527,599535660.7111043,248674562.95881078,350861097.7522935,True,2.4109247587595375,2673.56510043
14724877,605179925.3477466,247608961.83085233,357570963.5168943,True,2.4440954029812527,2706.56031372
14726228,600565028.5315353,246724586.9460472,353840441.585488,True,2.434151520792148,2686.96973612
14727578,596878203.3976823,246219813.5495483,350658389.8481339,True,2.4241680423398133,2669.06376337
14728929,599640752.3319417,245720630.12249184,353920122.2094499,True,2.4403354005441895,2686.01
14730279,593647676.9166429,240785892.15568513,352861784.7609578,True,2.46545871770929,2679.84344763
14731629,595188971.3533897,240716160.61481827,354472810.7385715,True,2.472575874561994,2689.21845907
14732980,585937038.318554,239991210.78352275,345945827.5350314,True,2.441493738064774,2639.22
14734330,570260753.1789368,240752767.38605762,329507985.7928792,True,2.3686571056709753,2540.79
14735681,575003304.7986734,240551998.09927267,334451306.6994007,True,2.39034931882535,2569.76391243
14737031,568033158.3427222,240879764.74271148,327153393.6000107,True,2.3581605493074513,2527.8353
14738382,570468128.093147,240763097.76824847,329705030.3248986,True,2.3694167975952154,2542.63095349
14739732,562600934.2423794,241147687.46917376,321453246.77320564,True,2.3330140137225968,2495.30088441
14741083,554440453.4422382,239834374.57741505,314606078.86482316,True,2.311763917991968,2454.78
14742433,544790411.9389392,239592720.2724116,305197691.66652757,True,2.2738187175283313,2399.01143425
14743784,529798752.1943461,238312338.95580626,291486413.2385398,True,2.2231276589190556,2319.4200235
14745134,521990555.4191421,233199239.14824742,288791316.2708947,True,2.2383887585812694,2303.77601382
14746485,521768625.1234791,232718223.7879052,289050401.3355739,True,2.2420617372836635,2306.62113739
14747835,525448386.02007186,225358806.8742732,300089579.1457986,True,2.3316079513733734,2372.77880008
14749186,524674873.9296171,225409471.8845744,299265402.0450427,True,2.327652292261648,2367.2259582
14750536,522576036.9651201,225483921.78132161,297092115.1837985,True,2.31757560732833,2355.87
14751887,523335723.0402585,225444812.8045225,297890910.23573595,True,2.3213473689191937,2360.49
14753237,525817301.4935996,225299528.32951427,300517773.1640853,True,2.33385886509518,2377.71668474
14754587,531231764.45173436,221541292.49013218,309690471.9616022,True,2.397890517296663,2431.7926796
14755938,485239512.9071839,208864266.01169026,276375246.8954937,True,2.323228966701392,2238.33444553
14757288,437100086.82011044,193545236.02828407,243554850.79182634,True,2.258387216290015,2051.41988892
14758639,420480228.12730634,177031069.35918647,243449158.76811987,True,2.3751775869024137,2051.61433465
14759989,409137513.0714486,193035034.0777172,216102478.99373138,True,2.119498748122204,1892.55858127
14761340,418136868.31434494,194078560.97111747,224058307.34322748,True,2.1544722210536773,1940.76956365
14762690,412796333.830877,190998823.94090825,221797509.88996878,True,2.1612506575359287,1925.20529406
14764041,418479297.5716712,188994156.1359239,229485141.43574727,True,2.214244641885659,1971.54
14765391,435337018.42427987,187651733.47041574,247685284.95386413,True,2.319920047490065,2079.04
14766742,438706612.01684624,191836573.32998565,246870038.6868606,True,2.2868768160397117,2073.41160862
14768092,446879222.3509771,191784326.50428164,255094895.84669545,True,2.330113364821814,2123.62656092
14769443,436604555.19720036,192286118.90645787,244318436.29074252,True,2.270598406583873,2058.5173
14770793,435208297.4145098,193211229.10794702,241997068.30656272,True,2.252500019920473,2049.4487014
14772144,432902631.21100664,195360631.71354815,237541999.49745846,True,2.215915394078781,2034.41234565
14773494,424362018.1209998,195730847.07832548,228631171.04267433,True,2.1680896213113674,1980.52
14774845,427402434.80915266,194962570.3484282,232439864.46072444,True,2.192228149461297,2002.34
14776195,432112277.73957694,194461880.4982598,237650397.24131706,True,2.2220924565390274,2033.83
14777546,431242461.56243974,194438986.92994446,236803474.6324953,True,2.21788062348738,2028.02
14778896,432332178.6922632,194398038.3322193,237934140.3600439,True,2.2239534020061607,2033.8353
14780246,436899855.953193,193121987.44698334,243777868.5062096,True,2.262299915866041,2070.2933573
14781597,438280632.9124921,193055050.20494992,245225582.7075422,True,2.270236559194941,2079.89266366
14782947,445187634.24987614,190316501.4664129,254871132.78346327,True,2.3391961854050947,2139.57260055
14784298,435321876.2732703,190760561.25771204,244561315.0155583,True,2.2820328971729276,2075.7923
14785648,410638225.9329574,229027545.10545015,181610680.82750726,True,1.7929643604392171,2014.27
14786999,408254662.545487,226617122.24083623,181637540.30465075,True,1.8015172839041542,2014.57311259
14788349,408340214.78718436,226590336.09069088,181749878.69649348,True,1.8021078119754834,2015.27905068
14789700,411226114.90846163,227660884.97663066,183565229.931831,True,1.8063099199086128,2026.50212903
14791050,419031273.6121369,227385119.26734316,191646154.34479374,True,1.8428262806391913,2077.63668101
14792401,419288575.84266704,227336701.35780647,191951874.48486057,True,1.8443505748891222,2079.8531
14793751,416166840.7768487,227464830.88798434,188702009.8888643,True,1.8295876296665445,2059.56553839
14795102,419735401.5893635,227345042.23960578,192390359.34975773,True,1.8462483168953019,2082.12124507
14796452,416326866.6031023,227777636.62716773,188549229.9759346,True,1.8277776201732956,2057.60569462
14797803,413964232.6294579,228983989.70460856,184980242.92484933,True,1.8078304651931147,2034.68355903
14799153,407848726.36922365,229279517.05603537,178569209.3131883,True,1.7788275708446577,1994.15
14800504,403797598.21071124,229589714.97405398,174207883.2366573,True,1.7587791258695737,1966.635
14801854,395998407.57174957,229872502.43054953,166125905.14120007,True,1.7226871565092523,1914.97
14803204,404581839.07362086,233302576.55957326,171279262.5140476,True,1.7341507540972736,1948.54774906
14804555,403189116.9410082,233456371.9167648,169732745.02424344,True,1.7270426745291791,1938.34468088
14805905,416239956.7387911,232976087.33091772,183263869.4078734,True,1.7866209425500676,2023.665
14807256,415777364.1611906,232989570.14085057,182787794.02034006,True,1.784532088324118,2020.93659272
14808606,415923288.9271244,232991466.42727315,182931822.4998512,True,1.7851438737433427,2021.84
14809957,416574256.80715346,233128870.80069762,183445386.0064558,True,1.7868840327514977,2025.2617655
14811307,417946297.5912967,233566849.24808386,184379448.34321278,True,1.7894076104412127,2030.7612269
14812658,402500798.7629204,234121232.58317986,168379566.17974055,True,1.7191981877163478,1929.08115461
14814008,408608506.5738954,233895151.65592435,174713354.917971,True,1.7469729649419423,1968.98209422
14815359,407507846.41108865,233935685.51039618,173572160.90069243,True,1.7419652992316936,1961.56482401
14816709,409068490.5907833,234147329.5239068,174921161.06687656,True,1.7470559729318493,1969.99583311
14818060,408367862.4604532,234170999.8326618,174196862.62779135,True,1.743887427359802,1965.53723543
14819410,410491154.47747374,234096129.06975177,176395025.407722,True,1.7535153447802758,1978.77767768
14820761,410739823.21068496,234406644.81309178,176333178.39759317,True,1.7522533268551133,1978.9102
14822111,409910620.88845754,234436124.20506725,175474496.68339035,True,1.7484959806360656,1973.34033179
14823462,417985898.6148818,234153672.62712097,183832225.98776087,True,1.7850922171120727,2026.75549032
14824812,415073000.55950814,234256552.44989443,180816448.1096137,True,1.771873598491077,2007.35339353
14826162,420108936.23804,234182846.8519039,185926089.38613614,True,1.793935558840118,2039.87614297
14827513,417634594.87431705,234241131.0235961,183393463.85072094,True,1.782925966286625,2028.39487512
14828863,422831738.64644337,235055515.40557757,187776223.2408658,True,1.798859039392743,2055.06414688
14830214,423366755.6085875,235084407.87426293,188282347.73432457,True,1.8009138055426845,2058.46617842
14831564,412619481.1542754,235449301.73736492,177170179.41691056,True,1.7524769795857682,1986.49205936
14832915,413367965.7561624,237023992.36577907,176343973.39038336,True,1.7439920812668053,1982.06356679
14834265,413912491.5139913,237487699.9588996,176424791.5550917,True,1.7428797010776742,1981.87171294
14835616,412769756.26870763,237676970.1453461,175092786.1233615,True,1.7366838529466586,1972.94130064
14836966,409989716.3108487,237767925.61406592,172221790.69678283,True,1.7243272626112127,1954.73
14838317,413555339.11967266,237640419.90217125,175914919.21750134,True,1.7402567260650348,1978.47756912
14839667,418871356.9454125,237460179.52988327,181411177.41552925,True,1.763964626720496,2013.86085
14841018,413433465.68249184,237665842.26023853,175767623.4222533,True,1.739557783107056,1978.145
14842368,413661695.3666771,237965311.2833304,175696384.08334666,True,1.7383277131268766,1977.68325498
14843719,412609788.1828276,238003407.07805198,174606381.10477567,True,1.7336297544997512,1970.38
14845069,408104791.9768751,235214616.62950486,172890175.34737027,True,1.7350315972059505,1959.4058239
14846420,402510442.01802593,235417285.11228666,167093156.90573922,True,1.7097743771280052,1922.97683287
14847770,388163435.62736744,237822949.87210774,150340485.75525966,True,1.6321529769776515,1814.95
14849121,398587314.6361943,237446512.53314131,161140802.1030529,True,1.6786404246748494,1883.7613026
